"gen_model","fit_model","K_target","K_true","K_hat","K_p.mean","hierch","kappa_mean","kappa_var","psi_mean","psi_var","theta_ocrp","ocrp_attempts","block_sizes_true","rate_kap","ari","vi","elpd","elpd_se","p_loo","p_loo_se","looic","looic_se","pk_bad","pk_bad_count","pareto_k_max","pareto_k_mean","n_loo_obs","time","seed","hyper_source","mu0","sigma0","tau0","a_kappa_prior","b_kappa_prior","a_eta_prior","b_eta_prior","gamma_gn_prior","dominance_target","N0_psi","thetaW_block_model_mean","thetaW_block_model_lo","thetaW_block_model_hi","thetaW_block_model_ess","thetaW_block_model_mcse","thetaS_block_model_mean","thetaS_block_model_lo","thetaS_block_model_hi","thetaS_block_model_ess","thetaS_block_model_mcse","thetaW_block_emp_mean","thetaW_block_emp_lo","thetaW_block_emp_hi","thetaW_block_emp_ess","thetaW_block_emp_mcse","thetaS_block_emp_mean","thetaS_block_emp_lo","thetaS_block_emp_hi","thetaS_block_emp_ess","thetaS_block_emp_mcse","thetaW_item_emp_mean","thetaW_item_emp_lo","thetaW_item_emp_hi","thetaW_item_emp_ess","thetaW_item_emp_mcse","thetaS_item_emp_mean","thetaS_item_emp_lo","thetaS_item_emp_hi","thetaS_item_emp_ess","thetaS_item_emp_mcse","bar_rho_model_mean","bar_rho_model_lo","bar_rho_model_hi","bar_rho_model_ess","bar_rho_model_mcse","thetaW_block_model_all_mean","thetaW_block_model_all_lo","thetaW_block_model_all_hi","thetaW_block_model_all_ess","thetaW_block_model_all_mcse","thetaS_block_model_all_mean","thetaS_block_model_all_lo","thetaS_block_model_all_hi","thetaS_block_model_all_ess","thetaS_block_model_all_mcse","thetaW_block_emp_all_mean","thetaW_block_emp_all_lo","thetaW_block_emp_all_hi","thetaW_block_emp_all_ess","thetaW_block_emp_all_mcse","thetaS_block_emp_all_mean","thetaS_block_emp_all_lo","thetaS_block_emp_all_hi","thetaS_block_emp_all_ess","thetaS_block_emp_all_mcse","thetaW_item_emp_all_mean","thetaW_item_emp_all_lo","thetaW_item_emp_all_hi","thetaW_item_emp_all_ess","thetaW_item_emp_all_mcse","thetaS_item_emp_all_mean","thetaS_item_emp_all_lo","thetaS_item_emp_all_hi","thetaS_item_emp_all_ess","thetaS_item_emp_all_mcse","prem_block_model_avg","prem_block_emp_avg","prem_item_emp_avg","coverage_block_model_avg","coverage_block_emp_avg","coverage_item_emp_avg","transitive_triads_mean","transitive_triads_lo.2.5.","transitive_triads_hi.97.5.","cycle_mass_weighted_mean","min_backward_weight_mean","min_backward_weight_norm_mean","hierarchy_energy_mean","hierarchy_energy_lo.2.5.","hierarchy_energy_hi.97.5.","curl_energy_mean","p_post_wst","p_prior_wst","bf_wst_0","log_bf_wst_0","p_post_sst","p_prior_sst","bf_sst_0","log_bf_sst_0","bf_sst_wst","log_bf_sst_wst","bf_prior_mc","violation_rate_mean","violation_rate_lo.2.5.","violation_rate_hi.97.5.","violation_count_mean","cross_mass_mean","n_draws_K_match","violation_rate_zhat","violation_count_zhat","elpd_rank","elpd_best_model","delta_elpd_best","delta_elpd_best_se","delta_elpd_best_z","elpd_wst_minus_sst","elpd_wst_minus_sst_se","elpd_wst_minus_sst_z","elpd_wst_minus_dc","elpd_wst_minus_dc_se","elpd_wst_minus_dc_z","elpd_sst_minus_dc","elpd_sst_minus_dc_se","elpd_sst_minus_dc_z","rep_id","kappa_sd","density","eta_mean","eta_sd","eta_mode"
"WST","WST",NA,11,1,3.82,"weak",0.8,0.1225,0.45,0.0625,4,1,"1;3;2;1;8;1;2;21;9;11;1",0.8,NA,2.71394682563338,-2837.29841829218,47.0023957048471,117.487409295773,4.22074919033456,5674.59683658437,94.0047914096941,0.0124293785310734,22,1.44735077089575,0.22245550037859,1770,309.577,1004,"fixed",0,1.5,NA,1,1,1,1,0.8,0.75,13,NA,NA,NA,NA,NA,NA,NA,NA,NA,NA,NA,NA,NA,NA,NA,NA,NA,NA,NA,NA,NA,NA,NA,NA,NA,NA,NA,NA,NA,NA,NA,NA,NA,NA,NA,NA,NA,NA,NA,NA,NA,NA,NA,NA,NA,NA,NA,NA,NA,NA,NA,NA,NA,NA,NA,NA,NA,NA,NA,NA,NA,NA,NA,NA,NA,NA,NA,NA,NA,NA,NA,NA,NA,NA,NA,NA,NA,NA,NA,NA,NA,NA,NA,NA,NA,NA,NA,NA,NA,NA,NA,NA,0.364460713143215,0.306122448979592,0.419018109790606,229.957230142566,620.062118126273,18,NA,NA,1,"WST",0,0,NA,0.369693821664441,0.872428308328552,0.42375266613336,3.71463542082665,4.87764104013781,0.761563917938845,3.34494159916221,4.83543694490239,0.691755809718192,1,0.35,"sparse",1,0.1,"GAMMA"
"WST","SST",NA,11,1,3.445,"weak",0.8,0.1225,0.45,0.0625,4,1,"1;3;2;1;8;1;2;21;9;11;1",0.8,NA,2.71394682563338,-2837.66811211385,47.0225119539099,110.550954001439,3.79466688630126,5675.3362242277,94.0450239078197,0.00451977401129944,8,1.03194153952087,0.1976363080502,1770,999.676,1005,"fixed",0,1.5,0.5,1,1,1,1,0.8,0.75,13,NA,NA,NA,NA,NA,NA,NA,NA,NA,NA,NA,NA,NA,NA,NA,NA,NA,NA,NA,NA,NA,NA,NA,NA,NA,NA,NA,NA,NA,NA,NA,NA,NA,NA,NA,NA,NA,NA,NA,NA,NA,NA,NA,NA,NA,NA,NA,NA,NA,NA,NA,NA,NA,NA,NA,NA,NA,NA,NA,NA,NA,NA,NA,NA,NA,NA,NA,NA,NA,NA,NA,NA,NA,NA,NA,NA,NA,NA,NA,NA,NA,NA,NA,NA,NA,NA,NA,NA,NA,NA,NA,NA,0.361928071394346,0.284029988272743,0.417563973437101,217.959669079628,586.24095139607,33,NA,NA,2,"WST",-0.369693821664441,0.872428308328552,0.42375266613336,0.369693821664441,0.872428308328552,0.42375266613336,3.71463542082665,4.87764104013781,0.761563917938845,3.34494159916221,4.83543694490239,0.691755809718192,1,0.35,"sparse",1,0.1,"GAMMA"
"WST","DC-SBM",NA,11,1,1,"weak",0.8,0.1225,0.45,0.0625,4,1,"1;3;2;1;8;1;2;21;9;11;1",0.8,NA,2.71394682563338,-2841.01305371301,46.8931553053044,57.4642638285142,2.20618471937485,5682.02610742602,93.7863106106089,0,0,0.642259639759244,0.0753226850871338,1770,41.1800000000001,1006,"fixed",NA,NA,NA,1,1,1,1,0.8,0.75,13,NA,NA,NA,NA,NA,NA,NA,NA,NA,NA,NA,NA,NA,NA,NA,NA,NA,NA,NA,NA,NA,NA,NA,NA,NA,NA,NA,NA,NA,NA,NA,NA,NA,NA,NA,NA,NA,NA,NA,NA,NA,NA,NA,NA,NA,NA,NA,NA,NA,NA,NA,NA,NA,NA,NA,NA,NA,NA,NA,NA,NA,NA,NA,NA,NA,NA,NA,NA,NA,NA,NA,NA,NA,NA,NA,NA,NA,NA,NA,NA,NA,NA,NA,NA,NA,NA,NA,NA,NA,NA,NA,NA,NA,NA,NA,NA,NA,1000,NA,NA,3,"WST",-3.71463542082665,4.87764104013781,0.761563917938845,0.369693821664441,0.872428308328552,0.42375266613336,3.71463542082665,4.87764104013781,0.761563917938845,3.34494159916221,4.83543694490239,0.691755809718192,1,0.35,"sparse",1,0.1,"GAMMA"
"SST","WST",NA,9,1,3.878,"weak",0.8,0.1225,0.45,0.0625,4,1,"1;10;1;5;2;14;12;3;12",0.8,NA,2.72479263141538,-2856.97951418063,51.3284576297791,124.279570295451,5.49854214820991,5713.95902836126,102.656915259558,0.0141242937853107,25,1.00705342929127,0.264530822204506,1770,329.808,1002,"fixed",0,1.5,NA,1,1,1,1,0.8,0.75,13,NA,NA,NA,NA,NA,NA,NA,NA,NA,NA,NA,NA,NA,NA,NA,NA,NA,NA,NA,NA,NA,NA,NA,NA,NA,NA,NA,NA,NA,NA,NA,NA,NA,NA,NA,NA,NA,NA,NA,NA,NA,NA,NA,NA,NA,NA,NA,NA,NA,NA,NA,NA,NA,NA,NA,NA,NA,NA,NA,NA,NA,NA,NA,NA,NA,NA,NA,NA,NA,NA,NA,NA,NA,NA,NA,NA,NA,NA,NA,NA,NA,NA,NA,NA,NA,NA,NA,NA,NA,NA,NA,NA,0.442708011034319,0.343257142857143,0.505210309930424,247.666310160428,550.022459893048,65,NA,NA,3,"DC-SBM",-17.2655116258038,6.10188609918684,2.82953685879267,-1.75678732465212,1.73624256826324,1.01183288370209,-17.2655116258038,6.10188609918684,2.82953685879267,-15.5087243011517,5.03283558233176,3.08150823674759,1,0.35,"sparse",1,0.1,"GAMMA"
"SST","SST",NA,9,1,4.411,"weak",0.8,0.1225,0.45,0.0625,4,1,"1;10;1;5;2;14;12;3;12",0.8,NA,2.72479263141538,-2855.22272685598,51.2995734545486,138.785044806899,5.7274585040478,5710.44545371196,102.599146909097,0.00677966101694915,12,0.961470312018215,0.251596892058183,1770,1004.466,1003,"fixed",0,1.5,0.5,1,1,1,1,0.8,0.75,13,NA,NA,NA,NA,NA,NA,NA,NA,NA,NA,NA,NA,NA,NA,NA,NA,NA,NA,NA,NA,NA,NA,NA,NA,NA,NA,NA,NA,NA,NA,NA,NA,NA,NA,NA,NA,NA,NA,NA,NA,NA,NA,NA,NA,NA,NA,NA,NA,NA,NA,NA,NA,NA,NA,NA,NA,NA,NA,NA,NA,NA,NA,NA,NA,NA,NA,NA,NA,NA,NA,NA,NA,NA,NA,NA,NA,NA,NA,NA,NA,NA,NA,NA,NA,NA,NA,NA,NA,NA,NA,NA,NA,0.455055885018515,0.354873964392738,0.506374044018006,298.638341968912,645.986528497409,35,NA,NA,2,"DC-SBM",-15.5087243011517,5.03283558233176,3.08150823674759,-1.75678732465212,1.73624256826324,1.01183288370209,-17.2655116258038,6.10188609918684,2.82953685879267,-15.5087243011517,5.03283558233176,3.08150823674759,1,0.35,"sparse",1,0.1,"GAMMA"
"SST","DC-SBM",NA,9,2,2.126,"weak",0.8,0.1225,0.45,0.0625,4,1,"1;10;1;5;2;14;12;3;12",0.8,0.897122929380994,2.29927843572388,-2839.71400255483,50.5846353648609,106.077462443121,4.63000333537246,5679.42800510965,101.169270729722,0.0361581920903955,64,1.56141408493109,0.183771902377565,1770,59.673,1004,"fixed",NA,NA,NA,1,1,1,1,0.8,0.75,13,NA,NA,NA,NA,NA,NA,NA,NA,NA,NA,NA,NA,NA,NA,NA,NA,NA,NA,NA,NA,NA,NA,NA,NA,NA,NA,NA,NA,NA,NA,NA,NA,NA,NA,NA,NA,NA,NA,NA,NA,NA,NA,NA,NA,NA,NA,NA,NA,NA,NA,NA,NA,NA,NA,NA,NA,NA,NA,NA,NA,NA,NA,NA,NA,NA,NA,NA,NA,NA,NA,NA,NA,NA,NA,NA,NA,NA,NA,NA,NA,NA,NA,NA,NA,NA,NA,NA,NA,NA,NA,NA,NA,0.501036552799836,0.481008414569087,0.517014237388945,259.683,518.276,882,0.49498997995992,247,1,"DC-SBM",0,0,NA,-1.75678732465212,1.73624256826324,1.01183288370209,-17.2655116258038,6.10188609918684,2.82953685879267,-15.5087243011517,5.03283558233176,3.08150823674759,1,0.35,"sparse",1,0.1,"GAMMA"
"WST","WST",NA,12,1,4.167,"weak",0.8,0.1225,0.45,0.0625,4,1,"1;1;1;3;3;6;6;4;2;5;13;15",0.8,NA,3.09275658298553,-3037.39299160115,51.9574440934905,156.422156839373,7.24073824305042,6074.78598320229,103.914888186981,0.0135593220338983,24,0.961674756705769,0.237835697497155,1770,342.689,1008,"fixed",0,1.5,NA,1,1,1,1,0.8,0.75,13,NA,NA,NA,NA,NA,NA,NA,NA,NA,NA,NA,NA,NA,NA,NA,NA,NA,NA,NA,NA,NA,NA,NA,NA,NA,NA,NA,NA,NA,NA,NA,NA,NA,NA,NA,NA,NA,NA,NA,NA,NA,NA,NA,NA,NA,NA,NA,NA,NA,NA,NA,NA,NA,NA,NA,NA,NA,NA,NA,NA,NA,NA,NA,NA,NA,NA,NA,NA,NA,NA,NA,NA,NA,NA,NA,NA,NA,NA,NA,NA,NA,NA,NA,NA,NA,NA,NA,NA,NA,NA,NA,NA,0.395007434746271,0.351837324122319,0.477170760580053,307.142255005269,780.956796628029,51,NA,NA,1,"WST",0,0,NA,7.17758216643415,2.61650934786425,2.74318995737314,6.81945800584708,6.13698769093218,1.11120607524165,-0.358124160587067,4.25269590117621,0.0842110907784442,2,0.35,"sparse",1,0.1,"GAMMA"
"WST","SST",NA,12,1,3.382,"weak",0.8,0.1225,0.45,0.0625,4,1,"1;1;1;3;3;6;6;4;2;5;13;15",0.8,NA,3.09275658298553,-3044.57057376758,52.254806004717,131.750444659354,6.28093760018729,6089.14114753516,104.509612009434,0.00903954802259887,16,0.944855533139304,0.236852548298064,1770,1015.529,1009,"fixed",0,1.5,0.5,1,1,1,1,0.8,0.75,13,NA,NA,NA,NA,NA,NA,NA,NA,NA,NA,NA,NA,NA,NA,NA,NA,NA,NA,NA,NA,NA,NA,NA,NA,NA,NA,NA,NA,NA,NA,NA,NA,NA,NA,NA,NA,NA,NA,NA,NA,NA,NA,NA,NA,NA,NA,NA,NA,NA,NA,NA,NA,NA,NA,NA,NA,NA,NA,NA,NA,NA,NA,NA,NA,NA,NA,NA,NA,NA,NA,NA,NA,NA,NA,NA,NA,NA,NA,NA,NA,NA,NA,NA,NA,NA,NA,NA,NA,NA,NA,NA,NA,0.403237158287647,0.347162639581099,0.490832206855915,264.980920314254,654.755331088664,109,NA,NA,3,"WST",-7.17758216643415,2.61650934786425,2.74318995737314,7.17758216643415,2.61650934786425,2.74318995737314,6.81945800584708,6.13698769093218,1.11120607524165,-0.358124160587067,4.25269590117621,0.0842110907784442,2,0.35,"sparse",1,0.1,"GAMMA"
"WST","DC-SBM",NA,12,1,1,"weak",0.8,0.1225,0.45,0.0625,4,1,"1;1;1;3;3;6;6;4;2;5;13;15",0.8,NA,3.09275658298553,-3044.21244960699,52.3776200328197,64.7751251830687,3.27615915518965,6088.42489921399,104.755240065639,0.000564971751412429,1,0.740760519084325,0.0727351265933804,1770,38.1869999999999,1010,"fixed",NA,NA,NA,1,1,1,1,0.8,0.75,13,NA,NA,NA,NA,NA,NA,NA,NA,NA,NA,NA,NA,NA,NA,NA,NA,NA,NA,NA,NA,NA,NA,NA,NA,NA,NA,NA,NA,NA,NA,NA,NA,NA,NA,NA,NA,NA,NA,NA,NA,NA,NA,NA,NA,NA,NA,NA,NA,NA,NA,NA,NA,NA,NA,NA,NA,NA,NA,NA,NA,NA,NA,NA,NA,NA,NA,NA,NA,NA,NA,NA,NA,NA,NA,NA,NA,NA,NA,NA,NA,NA,NA,NA,NA,NA,NA,NA,NA,NA,NA,NA,NA,NA,NA,NA,NA,NA,1000,NA,NA,2,"WST",-6.81945800584708,6.13698769093218,1.11120607524165,7.17758216643415,2.61650934786425,2.74318995737314,6.81945800584708,6.13698769093218,1.11120607524165,-0.358124160587067,4.25269590117621,0.0842110907784442,2,0.35,"sparse",1,0.1,"GAMMA"
"SST","WST",NA,14,1,4.075,"weak",0.8,0.1225,0.45,0.0625,4,1,"1;1;2;4;3;5;6;7;9;12;2;4;2;2",0.8,NA,3.45564622132577,-2967.5976015885,49.334964514943,133.071547653901,5.98926798708956,5935.19520317699,98.6699290298859,0.027683615819209,49,1.1778402560053,0.276238540361849,1770,337.773,1018,"fixed",0,1.5,NA,1,1,1,1,0.8,0.75,13,NA,NA,NA,NA,NA,NA,NA,NA,NA,NA,NA,NA,NA,NA,NA,NA,NA,NA,NA,NA,NA,NA,NA,NA,NA,NA,NA,NA,NA,NA,NA,NA,NA,NA,NA,NA,NA,NA,NA,NA,NA,NA,NA,NA,NA,NA,NA,NA,NA,NA,NA,NA,NA,NA,NA,NA,NA,NA,NA,NA,NA,NA,NA,NA,NA,NA,NA,NA,NA,NA,NA,NA,NA,NA,NA,NA,NA,NA,NA,NA,NA,NA,NA,NA,NA,NA,NA,NA,NA,NA,NA,NA,0.422374321622872,0.317635990420801,0.487364548494983,290.633919338159,680.039296794209,33,NA,NA,3,"DC-SBM",-2.8109487438046,3.16007899723021,0.889518504527381,-0.502526639225835,1.24046069525911,0.405112907765986,-2.8109487438046,3.16007899723021,0.889518504527381,-2.30842210457877,3.63204394488586,0.635571083281954,5,0.35,"sparse",1,0.1,"GAMMA"
"SST","SST",NA,14,1,4.158,"weak",0.8,0.1225,0.45,0.0625,4,1,"1;1;2;4;3;5;6;7;9;12;2;4;2;2",0.8,NA,3.45564622132577,-2967.09507494927,49.4238994236086,130.383099941424,5.72331683892384,5934.19014989854,98.8477988472171,0.0141242937853107,25,1.18502734204425,0.25953248599399,1770,1114.538,1019,"fixed",0,1.5,0.5,1,1,1,1,0.8,0.75,13,NA,NA,NA,NA,NA,NA,NA,NA,NA,NA,NA,NA,NA,NA,NA,NA,NA,NA,NA,NA,NA,NA,NA,NA,NA,NA,NA,NA,NA,NA,NA,NA,NA,NA,NA,NA,NA,NA,NA,NA,NA,NA,NA,NA,NA,NA,NA,NA,NA,NA,NA,NA,NA,NA,NA,NA,NA,NA,NA,NA,NA,NA,NA,NA,NA,NA,NA,NA,NA,NA,NA,NA,NA,NA,NA,NA,NA,NA,NA,NA,NA,NA,NA,NA,NA,NA,NA,NA,NA,NA,NA,NA,0.427152147616409,0.305602716468591,0.480346282005227,302.947476828012,697.92070030896,29,NA,NA,2,"DC-SBM",-2.30842210457877,3.63204394488586,0.635571083281954,-0.502526639225835,1.24046069525911,0.405112907765986,-2.8109487438046,3.16007899723021,0.889518504527381,-2.30842210457877,3.63204394488586,0.635571083281954,5,0.35,"sparse",1,0.1,"GAMMA"
"SST","DC-SBM",NA,14,1,1,"weak",0.8,0.1225,0.45,0.0625,4,1,"1;1;2;4;3;5;6;7;9;12;2;4;2;2",0.8,NA,3.45564622132577,-2964.78665284469,49.3432190603667,61.9210335162856,2.64619051927563,5929.57330568938,98.6864381207334,0,0,0.464266385707129,0.0752168470376596,1770,37.8679999999999,1020,"fixed",NA,NA,NA,1,1,1,1,0.8,0.75,13,NA,NA,NA,NA,NA,NA,NA,NA,NA,NA,NA,NA,NA,NA,NA,NA,NA,NA,NA,NA,NA,NA,NA,NA,NA,NA,NA,NA,NA,NA,NA,NA,NA,NA,NA,NA,NA,NA,NA,NA,NA,NA,NA,NA,NA,NA,NA,NA,NA,NA,NA,NA,NA,NA,NA,NA,NA,NA,NA,NA,NA,NA,NA,NA,NA,NA,NA,NA,NA,NA,NA,NA,NA,NA,NA,NA,NA,NA,NA,NA,NA,NA,NA,NA,NA,NA,NA,NA,NA,NA,NA,NA,NA,NA,NA,NA,NA,1000,NA,NA,1,"DC-SBM",0,0,NA,-0.502526639225835,1.24046069525911,0.405112907765986,-2.8109487438046,3.16007899723021,0.889518504527381,-2.30842210457877,3.63204394488586,0.635571083281954,5,0.35,"sparse",1,0.1,"GAMMA"
"WST","WST",NA,8,2,4.836,"weak",0.8,0.1225,0.45,0.0625,4,1,"2;1;4;9;2;1;4;37",0.8,0.499575911789652,1.82994733951828,-3031.57294635398,47.3501271778558,136.305979473955,5.56597217887928,6063.14589270796,94.7002543557117,0.0180790960451977,32,0.966614068340812,0.25712976900777,1770,383.986,1020,"fixed",0,1.5,NA,1,1,1,1,0.8,0.75,13,NA,NA,NA,NA,NA,NA,NA,NA,NA,NA,NA,NA,NA,NA,NA,NA,NA,NA,NA,NA,NA,NA,NA,NA,NA,NA,NA,NA,NA,NA,NA,NA,NA,NA,NA,NA,NA,NA,NA,NA,NA,NA,NA,NA,NA,NA,NA,NA,NA,NA,NA,NA,NA,NA,NA,NA,NA,NA,NA,NA,NA,NA,NA,NA,NA,NA,NA,NA,NA,NA,NA,NA,NA,NA,NA,NA,NA,NA,NA,NA,NA,NA,NA,NA,NA,NA,NA,NA,NA,NA,NA,NA,0.393060624131941,0.341765108714261,0.447113754128073,287.440162271805,727.293103448276,42,0.34375,11,1,"WST",0,0,NA,2.39112679667642,1.89885451690342,1.25924696989202,3.97642339434333,4.87958865667318,0.814909549579613,1.58529659766691,4.91334423235118,0.32265123767001,5,0.35,"sparse",1,0.1,"GAMMA"
"WST","SST",NA,8,2,3.933,"weak",0.8,0.1225,0.45,0.0625,4,1,"2;1;4;9;2;1;4;37",0.8,0.499575911789652,1.82994733951828,-3033.96407315065,47.5575735531771,118.575784979979,4.659410674606,6067.92814630131,95.1151471063543,0.00677966101694915,12,1.06429655713119,0.198213850084507,1770,1109.986,1021,"fixed",0,1.5,0.5,1,1,1,1,0.8,0.75,13,NA,NA,NA,NA,NA,NA,NA,NA,NA,NA,NA,NA,NA,NA,NA,NA,NA,NA,NA,NA,NA,NA,NA,NA,NA,NA,NA,NA,NA,NA,NA,NA,NA,NA,NA,NA,NA,NA,NA,NA,NA,NA,NA,NA,NA,NA,NA,NA,NA,NA,NA,NA,NA,NA,NA,NA,NA,NA,NA,NA,NA,NA,NA,NA,NA,NA,NA,NA,NA,NA,NA,NA,NA,NA,NA,NA,NA,NA,NA,NA,NA,NA,NA,NA,NA,NA,NA,NA,NA,NA,NA,NA,0.395482679923287,0.326149885583524,0.447670751481599,280.796296296296,702.736625514403,97,0.34375,11,2,"WST",-2.39112679667642,1.89885451690342,1.25924696989202,2.39112679667642,1.89885451690342,1.25924696989202,3.97642339434333,4.87958865667318,0.814909549579613,1.58529659766691,4.91334423235118,0.32265123767001,5,0.35,"sparse",1,0.1,"GAMMA"
"WST","DC-SBM",NA,8,1,1,"weak",0.8,0.1225,0.45,0.0625,4,1,"2;1;4;9;2;1;4;37",0.8,1,1.88557226992099,-3035.54936974832,47.5384400371418,58.4076542168684,2.22337776545157,6071.09873949664,95.0768800742837,0,0,0.494697122176418,0.0718501649829918,1770,38.4459999999999,1022,"fixed",NA,NA,NA,1,1,1,1,0.8,0.75,13,NA,NA,NA,NA,NA,NA,NA,NA,NA,NA,NA,NA,NA,NA,NA,NA,NA,NA,NA,NA,NA,NA,NA,NA,NA,NA,NA,NA,NA,NA,NA,NA,NA,NA,NA,NA,NA,NA,NA,NA,NA,NA,NA,NA,NA,NA,NA,NA,NA,NA,NA,NA,NA,NA,NA,NA,NA,NA,NA,NA,NA,NA,NA,NA,NA,NA,NA,NA,NA,NA,NA,NA,NA,NA,NA,NA,NA,NA,NA,NA,NA,NA,NA,NA,NA,NA,NA,NA,NA,NA,NA,NA,NA,NA,NA,NA,NA,1000,NA,NA,3,"WST",-3.97642339434333,4.87958865667318,0.814909549579613,2.39112679667642,1.89885451690342,1.25924696989202,3.97642339434333,4.87958865667318,0.814909549579613,1.58529659766691,4.91334423235118,0.32265123767001,5,0.35,"sparse",1,0.1,"GAMMA"
"WST","WST",NA,11,1,4.268,"weak",0.8,0.1225,0.45,0.0625,4,1,"1;2;3;1;22;1;3;1;20;5;1",0.8,NA,2.44579937916633,-2969.98213768907,51.0787767343849,160.347819453602,8.14852714306921,5939.96427537814,102.15755346877,0.0124293785310734,22,0.958750303559271,0.259764855752712,1770,357.183,1012,"fixed",0,1.5,NA,1,1,1,1,0.8,0.75,13,NA,NA,NA,NA,NA,NA,NA,NA,NA,NA,NA,NA,NA,NA,NA,NA,NA,NA,NA,NA,NA,NA,NA,NA,NA,NA,NA,NA,NA,NA,NA,NA,NA,NA,NA,NA,NA,NA,NA,NA,NA,NA,NA,NA,NA,NA,NA,NA,NA,NA,NA,NA,NA,NA,NA,NA,NA,NA,NA,NA,NA,NA,NA,NA,NA,NA,NA,NA,NA,NA,NA,NA,NA,NA,NA,NA,NA,NA,NA,NA,NA,NA,NA,NA,NA,NA,NA,NA,NA,NA,NA,NA,0.378879385236959,0.334079609485642,0.424735371843851,310.788732394366,814.750503018109,6,NA,NA,2,"SST",-0.297562559363996,1.61995185773813,0.183686050880222,-0.297562559363996,1.61995185773813,0.183686050880222,1.46031786563708,5.14238350091346,0.283976849524676,1.75788042500108,5.11215122820751,0.343863150076929,3,0.35,"sparse",1,0.1,"GAMMA"
"WST","SST",NA,11,1,4.057,"weak",0.8,0.1225,0.45,0.0625,4,1,"1;2;3;1;22;1;3;1;20;5;1",0.8,NA,2.44579937916633,-2969.68457512971,51.1919009663108,146.04923629757,7.17519342447356,5939.36915025941,102.383801932622,0.00395480225988701,7,0.988056743670525,0.217824226631288,1770,1135.818,1013,"fixed",0,1.5,0.5,1,1,1,1,0.8,0.75,13,NA,NA,NA,NA,NA,NA,NA,NA,NA,NA,NA,NA,NA,NA,NA,NA,NA,NA,NA,NA,NA,NA,NA,NA,NA,NA,NA,NA,NA,NA,NA,NA,NA,NA,NA,NA,NA,NA,NA,NA,NA,NA,NA,NA,NA,NA,NA,NA,NA,NA,NA,NA,NA,NA,NA,NA,NA,NA,NA,NA,NA,NA,NA,NA,NA,NA,NA,NA,NA,NA,NA,NA,NA,NA,NA,NA,NA,NA,NA,NA,NA,NA,NA,NA,NA,NA,NA,NA,NA,NA,NA,NA,0.378535147264094,0.329051007565385,0.424507203216252,298.578947368421,779.028340080972,12,NA,NA,1,"SST",0,0,NA,-0.297562559363996,1.61995185773813,0.183686050880222,1.46031786563708,5.14238350091346,0.283976849524676,1.75788042500108,5.11215122820751,0.343863150076929,3,0.35,"sparse",1,0.1,"GAMMA"
"WST","DC-SBM",NA,11,1,1.061,"weak",0.8,0.1225,0.45,0.0625,4,1,"1;2;3;1;22;1;3;1;20;5;1",0.8,NA,2.44579937916633,-2971.44245555471,51.3666711907413,67.2599758499799,3.06851551729035,5942.88491110942,102.733342381483,0.0129943502824859,23,1.2478742175831,0.131620534784611,1770,45.789,1014,"fixed",NA,NA,NA,1,1,1,1,0.8,0.75,13,NA,NA,NA,NA,NA,NA,NA,NA,NA,NA,NA,NA,NA,NA,NA,NA,NA,NA,NA,NA,NA,NA,NA,NA,NA,NA,NA,NA,NA,NA,NA,NA,NA,NA,NA,NA,NA,NA,NA,NA,NA,NA,NA,NA,NA,NA,NA,NA,NA,NA,NA,NA,NA,NA,NA,NA,NA,NA,NA,NA,NA,NA,NA,NA,NA,NA,NA,NA,NA,NA,NA,NA,NA,NA,NA,NA,NA,NA,NA,NA,NA,NA,NA,NA,NA,NA,NA,NA,NA,NA,NA,NA,0.335996208334748,0.270833333333333,0.400200640060428,160.033333333333,461.533333333333,940,NA,NA,3,"SST",-1.75788042500108,5.11215122820751,0.343863150076929,-0.297562559363996,1.61995185773813,0.183686050880222,1.46031786563708,5.14238350091346,0.283976849524676,1.75788042500108,5.11215122820751,0.343863150076929,3,0.35,"sparse",1,0.1,"GAMMA"
"WST","WST",NA,8,5,5.103,"weak",0.8,0.1225,0.45,0.0625,4,1,"4;1;1;1;38;12;2;1",0.8,0.951389326149019,0.721102309040172,-2341.79983306865,50.9847596077908,116.867182442216,6.96953400145046,4683.59966613729,101.969519215582,0.0112994350282486,20,0.922730184811253,0.251483880163792,1770,367.102,1016,"fixed",0,1.5,NA,1,1,1,1,0.8,0.75,13,1,1,1,0,NA,0.401546750086896,0,0.864642857142858,274,0.0135875445173872,0.760534700498204,0.333333333333333,1,157.50536985263,0.0169519242398342,0.344535685320357,0,0.835000000000002,274,0.0140373156206661,0.821308365195227,0.5,1,274,0.00928377783857902,0.508159541188738,0.103125,0.896875000000001,274,0.0128939991443847,0.62801343362412,0.558744236567071,0.700516889066727,274,0.00220795763649322,0.693430656934306,0.3,1,204.895226633825,0.0159038756109962,0.27992700729927,0,0.7,110.848701803426,0.0174356365981958,0.395255474452555,0.1,1,273.999999999999,0.01288757430081,0.17956204379562,0,0.417500000000001,274,0.00786366429773516,0.537956204379562,0.2,0.8,274,0.00974615342978934,0.334306569343066,0.0825,0.6,274,0.00934867048005195,6.93430656934307,5.13868613138686,6.54744525547445,0.693430656934306,0.513868613138686,0.654744525547445,1,1,1,0,0,0,0.854657396530584,0.656754654547644,0.972291479477896,1.34613128228954,NA,NA,NA,NA,NA,NA,NA,NA,NA,NA,NA,0.44710717572715,0.408560618108567,0.502675708747345,354.838,794.488,274,0.486932599724897,354,2,"DC-SBM",-7.63232226609944,2.97920509225789,2.56186533982964,1.35897408467281,1.34987559690221,1.00674024168707,-7.63232226609944,2.97920509225789,2.56186533982964,-8.99129635077225,2.98438138283347,3.01278395666562,4,0.35,"sparse",1,0.1,"GAMMA"
"WST","SST",NA,8,5,5.047,"weak",0.8,0.1225,0.45,0.0625,4,1,"4;1;1;1;38;12;2;1",0.8,0.951389326149019,0.721102309040172,-2343.15880715332,50.8853782920223,112.590908886111,6.65554403034658,4686.31761430664,101.770756584045,0.00225988700564972,4,0.768603753669156,0.235815051315911,1770,1128.33,1017,"fixed",0,1.5,0.5,1,1,1,1,0.8,0.75,13,1,1,1,0,NA,1,1,1,0,NA,0.815537918871252,0.333333333333333,1,258.830267823156,0.0120097548127685,0.438718820861678,0,1,315,0.0121164900693972,0.84314310909549,0.5,1,315,0.00832051314927929,0.562777777777778,0.195,1,382.871808710066,0.0100326910495938,0.610424016497987,0.545538314970543,0.685273303646553,230.691717395874,0.00244382580928804,1,1,1,0,NA,1,1,1,0,NA,0.496825396825397,0.1,1,315.000000000001,0.0134889408626943,0.26031746031746,0,0.6,315.000000000001,0.00869271665003189,0.538412698412698,0.2,0.8,315.000000000001,0.00835541892843698,0.357777777777778,0.1,0.7,368.63062973605,0.00738245159825152,10,6.00952380952381,6.4031746031746,1,0.600952380952381,0.64031746031746,1,1,1,0,0,0,0.976353505232638,0.927866955985185,0.998516726823875,0.108378311041594,NA,NA,NA,NA,NA,NA,NA,NA,NA,NA,NA,0.4506191781932,0.407107120972637,0.507819356611305,355.921,789.724,315,0.486932599724897,354,3,"DC-SBM",-8.99129635077225,2.98438138283347,3.01278395666562,1.35897408467281,1.34987559690221,1.00674024168707,-7.63232226609944,2.97920509225789,2.56186533982964,-8.99129635077225,2.98438138283347,3.01278395666562,4,0.35,"sparse",1,0.1,"GAMMA"
"WST","DC-SBM",NA,8,2,2.051,"weak",0.8,0.1225,0.45,0.0625,4,1,"4;1;1;1;38;12;2;1",0.8,0.748936170212766,0.798824323754324,-2334.16751080255,50.6615421518381,73.3593868486919,4.48265087180139,4668.33502160509,101.323084303676,0.0293785310734463,52,1.23121624451845,0.17693422584959,1770,59.2739999999999,1018,"fixed",NA,NA,NA,1,1,1,1,0.8,0.75,13,NA,NA,NA,NA,NA,NA,NA,NA,NA,NA,NA,NA,NA,NA,NA,NA,NA,NA,NA,NA,NA,NA,NA,NA,NA,NA,NA,NA,NA,NA,NA,NA,NA,NA,NA,NA,NA,NA,NA,NA,NA,NA,NA,NA,NA,NA,NA,NA,NA,NA,NA,NA,NA,NA,NA,NA,NA,NA,NA,NA,NA,NA,NA,NA,NA,NA,NA,NA,NA,NA,NA,NA,NA,NA,NA,NA,NA,NA,NA,NA,NA,NA,NA,NA,NA,NA,NA,NA,NA,NA,NA,NA,0.519184530979643,0.512022630834512,0.525405176584422,361.459,696.249,949,0.480631276901004,335,1,"DC-SBM",0,0,NA,1.35897408467281,1.34987559690221,1.00674024168707,-7.63232226609944,2.97920509225789,2.56186533982964,-8.99129635077225,2.98438138283347,3.01278395666562,4,0.35,"sparse",1,0.1,"GAMMA"
"SST","WST",NA,12,1,3.749,"weak",0.8,0.1225,0.45,0.0625,4,1,"1;1;4;1;3;3;2;6;11;5;6;17",0.8,NA,3.07889756904712,-3175.13077872621,51.5773498736617,142.704442257312,9.15199136121189,6350.26155745243,103.154699747323,0.0242937853107345,43,1.60171339117543,0.27681279664468,1770,345.842,1014,"fixed",0,1.5,NA,1,1,1,1,0.8,0.75,13,NA,NA,NA,NA,NA,NA,NA,NA,NA,NA,NA,NA,NA,NA,NA,NA,NA,NA,NA,NA,NA,NA,NA,NA,NA,NA,NA,NA,NA,NA,NA,NA,NA,NA,NA,NA,NA,NA,NA,NA,NA,NA,NA,NA,NA,NA,NA,NA,NA,NA,NA,NA,NA,NA,NA,NA,NA,NA,NA,NA,NA,NA,NA,NA,NA,NA,NA,NA,NA,NA,NA,NA,NA,NA,NA,NA,NA,NA,NA,NA,NA,NA,NA,NA,NA,NA,NA,NA,NA,NA,NA,NA,0.46754291597603,0.426988732428385,0.514873587950511,350.47268907563,748.367647058824,48,NA,NA,3,"DC-SBM",-41.6185766703966,8.36251444952971,4.97680176477747,-16.6228865537632,4.62700039537119,3.59258377639056,-41.6185766703966,8.36251444952971,4.97680176477747,-24.9956901166333,4.80079646935455,5.20657150874674,4,0.35,"sparse",1,0.1,"GAMMA"
"SST","SST",NA,12,4,4.794,"weak",0.8,0.1225,0.45,0.0625,4,1,"1;1;4;1;3;3;2;6;11;5;6;17",0.8,0.441499432033321,2.43220170975121,-3158.50789217245,51.2754308769327,151.60662188351,7.32140273757402,6317.0157843449,102.550861753865,0.00734463276836158,13,1.03322694739365,0.231070218942219,1770,1271.073,1015,"fixed",0,1.5,0.5,1,1,1,1,0.8,0.75,13,1,1,1,0,NA,1,1,1,0,NA,0.885146804835924,0.5,1,126.013267819465,0.0186620761822135,0.476683937823834,0,1,259.837855956423,0.0239620061946404,0.78125,0,1,232.145458793609,0.0202342395826245,0.417052469135802,0,1,216,0.0234040400865498,0.560116203430658,0.517238658977023,0.633954851670555,82.5377861356816,0.00365426516251716,1,1,1,0,NA,1,1,1,0,NA,0.399122807017544,0,1,39.8757960411166,0.0479418090027988,0.216008771929825,0,1,71.6031683566197,0.0283341832512983,0.446271929824561,0,1,228.000000000001,0.0166101509953985,0.241228070175439,0,0.75,317.183855444318,0.012209028167528,4,1.83333333333333,2.27631578947368,1,0.458333333333333,0.569078947368421,1,1,1,0,0,0,0.971375501057145,0.936939347036031,0.998049776463304,0.124679219088235,NA,NA,NA,NA,NA,NA,NA,NA,NA,NA,NA,0.481753761601349,0.44557353390932,0.511403798465781,450.583164300203,934.35598377282,228,0.494252873563218,387,2,"DC-SBM",-24.9956901166333,4.80079646935455,5.20657150874674,-16.6228865537632,4.62700039537119,3.59258377639056,-41.6185766703966,8.36251444952971,4.97680176477747,-24.9956901166333,4.80079646935455,5.20657150874674,4,0.35,"sparse",1,0.1,"GAMMA"
"SST","DC-SBM",NA,12,3,3,"weak",0.8,0.1225,0.45,0.0625,4,1,"1;1;4;1;3;3;2;6;11;5;6;17",0.8,0.569343065693431,2.43456353391915,-3133.51220205582,50.5768704837178,102.056122525817,5.16320757416709,6267.02440411164,101.153740967436,0.00734463276836158,13,0.99936752218632,0.137391114282253,1770,76.8429999999998,1016,"fixed",NA,NA,NA,1,1,1,1,0.8,0.75,13,0.709302325581395,0,1,451.548294268588,0.0213867787791315,0.254152823920266,0,1,602.000000000004,0.0177596809162108,0.552702702702703,0,1,481.269833317843,0.0226800105198573,0.128378378378378,0,1,519.713966792285,0.0146832227345674,0.919034090909091,0,1,703.999999999992,0.0102881964058773,0.606534090909091,0,1,704,0.0184248304640885,0.524051085816621,0.492087001950548,0.562213750281247,999.999999999999,0.00056524468680438,0.427,0,1,830.725203213275,0.0171703762189442,0.153,0,1,861.630349846294,0.0122699892559421,0.409,0,1,471.146033374429,0.0226618249625327,0.095,0,1,772.985220036131,0.0105515862465867,0.647,0,1,617.33663998277,0.0192440165616448,0.427,0,1,639.483971687279,0.0195701282874059,0.602,0.74,0.704,0.602,0.74,0.704,0.577,0,1,0.235943340682961,0.0906529055522214,0.15610688792469,0.753205660504845,0.0632812358369623,0.999657591077109,0.200684123475245,NA,NA,NA,NA,NA,NA,NA,NA,NA,NA,NA,0.492581416504858,0.469879518072289,0.507514559520188,365.357,741.272,1000,0.495530012771392,388,1,"DC-SBM",0,0,NA,-16.6228865537632,4.62700039537119,3.59258377639056,-41.6185766703966,8.36251444952971,4.97680176477747,-24.9956901166333,4.80079646935455,5.20657150874674,4,0.35,"sparse",1,0.1,"GAMMA"
"SST","WST",NA,16,6,6.235,"weak",0.8,0.1225,0.45,0.0625,4,1,"1;1;1;1;2;2;1;3;1;8;5;2;9;7;10;6",0.8,0.172204991877123,3.50199004559608,-2877.34507365209,53.317577177507,205.953214756374,9.1271146394788,5754.69014730418,106.635154355014,0.0135593220338983,24,0.956456436781733,0.267133271332808,1770,492.24,1010,"fixed",0,1.5,NA,1,1,1,1,0.8,0.75,13,1,1,1,0,NA,0.371369897832664,0.120486111111111,0.75625,134.514598081641,0.0142439082725693,0.906457962658147,0.624545454545455,1,94.2292349853629,0.0123757632139256,0.368070038292479,0.08125,0.6775,134.136921471323,0.0136596235179788,0.8235099233613,0.611458333333333,1,147.42718950983,0.00892383344712775,0.520109556432304,0.265340909090909,0.785714285714286,188,0.0104489604971115,0.648337626711951,0.580928410703125,0.726850747598613,140.823933565636,0.00308657357629879,0.723670212765957,0.3675,1,188,0.0135525587933112,0.272074468085106,0.05,0.566249999999999,113.11602192255,0.0133251965166619,0.57313829787234,0.2,1,188,0.0142779014892537,0.23218085106383,0.05,0.5,188,0.00900816599464579,0.54281914893617,0.3,0.75,188,0.00823274380931858,0.343351063829787,0.15,0.55,188,0.00795400939754791,14.4734042553191,12.5372340425532,13.1595744680851,0.723670212765957,0.62686170212766,0.657978723404255,1,1,1,0,0,0,0.786011683415016,0.606910971916587,0.946295021084758,2.30949641854253,NA,NA,NA,NA,NA,NA,NA,NA,NA,NA,NA,0.419879185948738,0.34444706128644,0.471298396878995,363.944834503511,858.558676028084,188,0.658653846153846,137,2,"DC-SBM",-7.16762606658995,4.2781859425836,1.67538909313077,2.07696053537529,2.1163316251019,0.981396540476157,-7.16762606658995,4.2781859425836,1.67538909313077,-9.24458660196524,3.85386995094682,2.398780114439,3,0.35,"sparse",1,0.1,"GAMMA"
"SST","SST",NA,16,2,5.377,"weak",0.8,0.1225,0.45,0.0625,4,1,"1;1;1;1;2;2;1;3;1;8;5;2;9;7;10;6",0.8,0,3.55302430644916,-2879.42203418746,53.5170484979468,186.483975379066,8.2304960610599,5758.84406837493,107.034096995894,0.00847457627118644,15,0.976058628085253,0.242425409364355,1770,1265.011,1011,"fixed",0,1.5,0.5,1,1,1,1,0.8,0.75,13,NA,NA,NA,NA,NA,NA,NA,NA,NA,NA,NA,NA,NA,NA,NA,NA,NA,NA,NA,NA,NA,NA,NA,NA,NA,NA,NA,NA,NA,NA,NA,NA,NA,NA,NA,NA,NA,NA,NA,NA,NA,NA,NA,NA,NA,NA,NA,NA,NA,NA,NA,NA,NA,NA,NA,NA,NA,NA,NA,NA,NA,NA,NA,NA,NA,NA,NA,NA,NA,NA,NA,NA,NA,NA,NA,NA,NA,NA,NA,NA,NA,NA,NA,NA,NA,NA,NA,NA,NA,NA,NA,NA,0.434936072608636,0.363359051096895,0.478789888081447,369.895687061184,842.473420260782,34,0.717391304347826,33,3,"DC-SBM",-9.24458660196524,3.85386995094682,2.398780114439,2.07696053537529,2.1163316251019,0.981396540476157,-7.16762606658995,4.2781859425836,1.67538909313077,-9.24458660196524,3.85386995094682,2.398780114439,3,0.35,"sparse",1,0.1,"GAMMA"
"SST","DC-SBM",NA,16,1,2.62,"weak",0.8,0.1225,0.45,0.0625,4,1,"1;1;1;1;2;2;1;3;1;8;5;2;9;7;10;6",0.8,NA,3.51898403898877,-2870.1774475855,53.162089938092,144.241649852494,6.11772177226359,5740.354895171,106.324179876184,0.015819209039548,28,1.1694996197113,0.166011077764818,1770,66.0519999999999,1012,"fixed",NA,NA,NA,1,1,1,1,0.8,0.75,13,NA,NA,NA,NA,NA,NA,NA,NA,NA,NA,NA,NA,NA,NA,NA,NA,NA,NA,NA,NA,NA,NA,NA,NA,NA,NA,NA,NA,NA,NA,NA,NA,NA,NA,NA,NA,NA,NA,NA,NA,NA,NA,NA,NA,NA,NA,NA,NA,NA,NA,NA,NA,NA,NA,NA,NA,NA,NA,NA,NA,NA,NA,NA,NA,NA,NA,NA,NA,NA,NA,NA,NA,NA,NA,NA,NA,NA,NA,NA,NA,NA,NA,NA,NA,NA,NA,NA,NA,NA,NA,NA,NA,0.46957000153671,0.434780095501382,0.532576516974071,325.777,698.926,0,NA,NA,1,"DC-SBM",0,0,NA,2.07696053537529,2.1163316251019,0.981396540476157,-7.16762606658995,4.2781859425836,1.67538909313077,-9.24458660196524,3.85386995094682,2.398780114439,3,0.35,"sparse",1,0.1,"GAMMA"
"SST","WST",NA,12,4,7.235,"weak",0.8,0.1225,0.45,0.0625,4,1,"1;1;1;1;3;3;1;1;7;15;20;6",0.8,0,1.41466815472859,-2802.32921728221,56.8501299640085,183.941266974104,10.5025428099226,5604.65843456442,113.700259928017,0.0163841807909605,29,0.956527386260525,0.256535500890909,1770,572.324,1006,"fixed",0,1.5,NA,1,1,1,1,0.8,0.75,13,1,1,1,0,NA,0.443181818181818,0,0.868749999999999,22,0.0518380192908489,0.37962962962963,0,1,26.0980766955341,0.0828413804877679,0.134259259259259,0,0.5,18,0.0481779905841744,0.904320987654321,0.441666666666667,1,27,0.0349398319780153,0.777777777777778,0,1,27,0.060335665483041,0.558847187164323,0.531068595060825,0.585575513240006,27,0.00345516023441286,0.537037037037037,0,1,14.5233631470464,0.0940200514326072,0.25,0,0.587499999999999,13.9792899408284,0.0586442958790831,0.138888888888889,0,0.674999999999999,27,0.0468626329048319,0.0555555555555556,0,0.25,84.5304302836414,0.0115199391565889,0.555555555555556,0.25,1,10.8004415853459,0.074094813804258,0.462962962962963,0,1,14.2333254233858,0.0628748268793783,2.14814814814815,1.07407407407407,2.55555555555556,0.537037037037037,0.268518518518519,0.638888888888889,1,1,1,0,0,0,0.906590320266387,0.761469584926435,0.978049390023583,0.495892219889539,NA,NA,NA,NA,NA,NA,NA,NA,NA,NA,NA,0.472904459977858,0.455807568233716,0.489166479737486,559.695,1183.743,27,0.516964285714286,579,3,"DC-SBM",-19.8950982909228,5.12907435176247,3.87888670088909,-4.88035372294962,4.40487319715713,1.10794420282049,-19.8950982909228,5.12907435176247,3.87888670088909,-15.0147445679731,6.86402794177216,2.18745388208554,2,0.35,"sparse",1,0.1,"GAMMA"
"SST","SST",NA,12,5,7.303,"weak",0.8,0.1225,0.45,0.0625,4,1,"1;1;1;1;3;3;1;1;7;15;20;6",0.8,0.427045399368779,1.08811318997716,-2797.44886355926,56.7710616120089,170.893531744331,9.987979840578,5594.89772711852,113.542123224018,0.0141242937853107,25,1.05788310485243,0.260570961405751,1770,1498.092,1007,"fixed",0,1.5,0.5,1,1,1,1,0.8,0.75,13,1,1,1,0,NA,1,1,1,0,NA,0.650077160493827,0.23875,1,72,0.0267767732840901,0.327926587301587,0,0.778571428571427,72,0.0264236092669958,0.798997211497211,0.4,1,40.5603876513895,0.025137207631496,0.419975332475332,0,0.805833333333333,13.5086797958273,0.0581695146692119,0.545648192765893,0.517225964516188,0.586332573029682,12.1260980715424,0.00547808597323535,1,1,1,0,NA,1,1,1,0,NA,0.318918918918919,0,0.7,74,0.0205149980512155,0.156756756756757,0,0.4,74.0000000000001,0.0136167842235945,0.508108108108108,0.2,0.8,135.277165194898,0.0138530823119746,0.271621621621622,0,0.5,42.4474410229083,0.0230785294206462,10,4.86486486486486,6.40540540540541,1,0.486486486486486,0.640540540540541,1,1,1,0,0,0,0.969013632667767,0.927858383575446,0.99315169889233,0.101168402938966,NA,NA,NA,NA,NA,NA,NA,NA,NA,NA,NA,0.48839735966784,0.465070230408524,0.517921013207988,586.318,1200.576,74,0.516725352112676,587,2,"DC-SBM",-15.0147445679731,6.86402794177216,2.18745388208554,-4.88035372294962,4.40487319715713,1.10794420282049,-19.8950982909228,5.12907435176247,3.87888670088909,-15.0147445679731,6.86402794177216,2.18745388208554,2,0.35,"sparse",1,0.1,"GAMMA"
"SST","DC-SBM",NA,12,4,4.012,"weak",0.8,0.1225,0.45,0.0625,4,1,"1;1;1;1;3;3;1;1;7;15;20;6",0.8,0,1.33455327060511,-2782.43411899129,56.1054910976786,106.767896039056,6.0617457608267,5564.86823798257,112.210982195357,0.0129943502824859,23,1.54392655534198,0.163466548167104,1770,95.2440000000001,1008,"fixed",NA,NA,NA,1,1,1,1,0.8,0.75,13,0.536826599326599,0,1,659.900153774851,0.0165360766568572,0.20223063973064,0,1,407.741853037207,0.0133277956879824,0.359877488514548,0,1,96.8113554874228,0.0352867591431162,0.218989280245023,0,0.5,27.2641011387824,0.047347964088073,0.948867478025693,0.666666666666667,1,318.917168493721,0.00687452949293767,0.810936443542934,0,1,302.901106036735,0.0166369458721397,0.559169587241936,0.518358347564111,0.598805763184077,630.28508607154,0.000809433187036321,0.211791497975709,0,1,988.000000000001,0.00790879882540184,0.0921052631578947,0,0.5,1057.10532607942,0.00432241363938329,0.100202429149798,0,0.25,151.959747622684,0.0107103575497379,0.0733805668016194,0,0.25,45.1952222235985,0.0169427306736763,0.596153846153846,0.25,1,31.2761932685369,0.0503442607307851,0.486589068825911,0,1,51.2611817520416,0.0378569381688526,1.47267206477733,1.05971659919028,2.54858299595142,0.368168016194332,0.264929149797571,0.637145748987854,0.677884615384615,0.5,1,0.353394792764878,0.250805324338835,0.12160521935049,0.866420382478346,0.519991408158064,0.980993357738769,1.04863058836097,NA,NA,NA,NA,NA,NA,NA,NA,NA,NA,NA,0.48557716664892,0.479146452476573,0.493772241992883,543.604,1119.503,988,0.516444444444444,581,1,"DC-SBM",0,0,NA,-4.88035372294962,4.40487319715713,1.10794420282049,-19.8950982909228,5.12907435176247,3.87888670088909,-15.0147445679731,6.86402794177216,2.18745388208554,2,0.35,"sparse",1,0.1,"GAMMA"
"SST","WST",NA,14,3,2.999,"strong",4,1,1.8,0.0625,4,1,"1;1;1;1;4;1;1;4;3;2;4;32;3;2",4,0,1.63666916425779,-5913.62385862996,46.0530075788876,116.185106505937,4.82500614099405,11827.2477172599,92.1060151577751,0.00677966101694915,12,1.59274213082272,0.112588654577751,1770,584.234,1011,"fixed",0,1.5,NA,1,1,1,1,0.8,0.75,13,1,1,1,0,NA,0.953905249679898,0,1,251.63368515432,0.0132273297238751,1,1,1,0,NA,0.974424552429668,0.525000000000002,1,370.143868724587,0.0082106645666214,0.988461538461539,1,1,201.881563797127,0.00752356199336448,0.857692307692308,0,1,397.053882211641,0.0175498421708463,0.656265157746035,0.630440339030528,0.685216514201467,368.429743172314,0.000725730441386379,0.998721227621483,1,1,782.00000000001,0.00127877237851662,0.952685421994885,0,1,239.575303020579,0.0137255286886543,1,1,1,0,NA,0.974424552429668,0.525000000000002,1,370.143868724587,0.0082106645666214,0.657289002557545,0,1,670.740309575291,0.0183376153849926,0.570332480818414,0,1,595.169442756687,0.0203042925306879,0.998721227621483,1,0.664961636828645,0.998721227621483,1,0.664961636828645,1,1,1,0,0,0,0.988870760924778,0.924538714855442,0.99999088734179,0.0640648473973147,NA,NA,NA,NA,NA,NA,NA,NA,NA,NA,NA,0.328487840906746,0.304743651173934,0.341950504545471,904.187,2745.862,782,0.646142433234421,1742,2,"SST",-7.39931073670778,1.4815463145736,4.9943161843289,-7.39931073670778,1.4815463145736,4.9943161843289,7.16551021579016,6.83587591953526,1.048221222874,14.5648209524979,8.000963483562,1.8203833803793,3,1,"dense",1,0.1,"GAMMA"
"SST","SST",NA,14,3,3.051,"strong",4,1,1.8,0.0625,4,1,"1;1;1;1;4;1;1;4;3;2;4;32;3;2",4,0,1.67897153171471,-5906.22454789325,45.955283073577,108.047148567591,4.4223835077413,11812.4490957865,91.910566147154,0.011864406779661,21,1.93217562475323,0.109780968630094,1770,1912.499,1012,"fixed",0,1.5,0.5,1,1,1,1,0.8,0.75,13,1,1,1,0,NA,1,1,1,0,NA,1,1,1,0,NA,0.993684210526316,1,1,705.491695960169,0.00298415076243928,0.979623824451411,1,1,330.664175141444,0.00777567422428697,0.822884012539185,0,1,421.276495856457,0.0186146640752313,0.655292079154168,0.628798320511712,0.684245635667339,202.20493119276,0.00094303508153239,1,1,1,0,NA,1,1,1,0,NA,1,1,1,0,NA,0.993684210526316,1,1,705.491695960169,0.00298415076243928,0.657894736842105,0,1,949.999999999999,0.0154001509468593,0.552631578947368,0,1,762.006689474686,0.0180218684774002,1,1,0.671578947368421,1,1,0.671578947368421,1,1,1,0,0,0,0.992944531770035,0.960424648968356,0.999996440356462,0.0372836464923944,NA,NA,NA,NA,NA,NA,NA,NA,NA,NA,NA,0.33124074871826,0.319348549877408,0.340309713040391,936.861,2826.316,950,0.631776338220252,1853,1,"SST",0,0,NA,-7.39931073670778,1.4815463145736,4.9943161843289,7.16551021579016,6.83587591953526,1.048221222874,14.5648209524979,8.000963483562,1.8203833803793,3,1,"dense",1,0.1,"GAMMA"
"SST","DC-SBM",NA,14,2,2,"strong",4,1,1.8,0.0625,4,1,"1;1;1;1;4;1;1;4;3;2;4;32;3;2",4,0,2.03128406471837,-5920.78936884575,46.2456640341723,88.1231885501679,4.17147472855113,11841.5787376915,92.4913280683445,0.00734463276836158,13,2.02232165301637,0.0914225177402685,1770,58.8989999999999,1013,"fixed",NA,NA,NA,1,1,1,1,0.8,0.75,13,NA,NA,NA,NA,NA,NA,NA,NA,NA,NA,NA,NA,NA,NA,NA,NA,NA,NA,NA,NA,NA,NA,NA,NA,NA,NA,NA,NA,NA,NA,NA,NA,NA,NA,NA,NA,NA,NA,NA,NA,NA,NA,NA,NA,NA,NA,NA,NA,NA,NA,NA,NA,NA,NA,NA,NA,NA,NA,NA,NA,NA,NA,NA,NA,NA,NA,NA,NA,NA,NA,NA,NA,NA,NA,NA,NA,NA,NA,NA,NA,NA,NA,NA,NA,NA,NA,NA,NA,NA,NA,NA,NA,0.309488549710839,0.304743651173934,0.316176470588235,670.501,2165.721,1000,0.695256348826066,1451,3,"SST",-14.5648209524979,8.000963483562,1.8203833803793,-7.39931073670778,1.4815463145736,4.9943161843289,7.16551021579016,6.83587591953526,1.048221222874,14.5648209524979,8.000963483562,1.8203833803793,3,1,"dense",1,0.1,"GAMMA"
"SST","WST",NA,9,4,4.239,"strong",4,1,1.8,0.0625,4,1,"1;2;1;1;6;32;1;7;9",4,0.285021812893844,0.722789146519459,-5862.5830939779,44.3183088047204,106.932069100116,4.49149913081976,11725.1661879558,88.6366176094408,0.0129943502824859,23,1.74577579945382,0.118667505984671,1770,637.281,1019,"fixed",0,1.5,NA,1,1,1,1,0.8,0.75,13,1,1,1,0,NA,0.928664921465969,0.75,1,334.269277618209,0.00660070420259897,1,1,1,0,NA,0.99934554973822,1,1,412.611776812052,0.000629292758454006,0.925610820244328,0.666666666666667,1,71.7075521910128,0.0151201075051319,0.148014834205934,0,1,68.5137244154149,0.0297772393818317,0.694937197845797,0.671336599169181,0.717147908700252,132.444492027697,0.00103428698086387,0.996727748691099,1,1,763.999999999987,0.00145955433413351,0.925392670157068,0.75,1,369.147766926123,0.00652650770986917,1,1,1,0,NA,0.99934554973822,1,1,412.611776812052,0.000629292758454006,0.706806282722513,0.25,1,85.088648238344,0.0143931788302174,0.110602094240838,0,0.5,77.2305732688169,0.0179110633255647,3.9869109947644,4,3.09685863874346,0.996727748691099,1,0.774214659685864,1,1,1,0,0,0,0.988349480502048,0.965765892603733,0.999244941427989,0.123913601061223,NA,NA,NA,NA,NA,NA,NA,NA,NA,NA,NA,0.331387962246509,0.324324324324324,0.346383385056099,1161.873,3499.635,764,0.609703997558743,1998,3,"SST",-36.9470525786855,7.56683045483695,4.88276469245691,-36.9470525786855,7.56683045483695,4.88276469245691,-3.12340609956391,2.56913113108921,1.21574413301345,33.8236464791216,9.52935063334419,3.54941777047947,5,1,"dense",1,0.1,"GAMMA"
"SST","SST",NA,9,5,5.003,"strong",4,1,1.8,0.0625,4,1,"1;2;1;1;6;32;1;7;9",4,0.480005530017627,0.54407201786396,-5825.63604139922,43.7530737362253,83.4426594287795,3.13313421593012,11651.2720827984,87.5061474724506,0.0129943502824859,23,1.61511783583842,0.122877855650932,1770,2246.358,1020,"fixed",0,1.5,0.5,1,1,1,1,0.8,0.75,13,1,1,1,0,NA,1,1,1,0,NA,1,1,1,0,NA,0.919859578736209,0.9,1,996.999999999983,0.00138571234008545,0.981288309372562,0.833333333333333,1,807.622811888365,0.00179477966030015,0.664417458725382,0.25,0.714285714285714,828.050313043336,0.00434485705923619,0.681919762780559,0.664679770676865,0.698421722065284,847.452245773887,0.000294900354198512,1,1,1,0,NA,1,1,1,0,NA,1,1,1,0,NA,0.919859578736209,0.9,1,996.999999999983,0.00138571234008545,0.686960882647944,0.5,0.7,996.999999999996,0.00182034261647246,0.464894684052156,0.2,0.5,853.360663167664,0.00304317997954171,10,10,6.99699097291876,1,1,0.699699097291876,1,1,1,0,0,0,0.992217544586898,0.97353505674029,0.999559749298043,0.0424398720792817,NA,NA,NA,NA,NA,NA,NA,NA,NA,NA,NA,0.340635517669516,0.337129055018803,0.347941604215404,1374.311,4033.987,997,0.624,2496,1,"SST",0,0,NA,-36.9470525786855,7.56683045483695,4.88276469245691,-3.12340609956391,2.56913113108921,1.21574413301345,33.8236464791216,9.52935063334419,3.54941777047947,5,1,"dense",1,0.1,"GAMMA"
"SST","DC-SBM",NA,9,4,4,"strong",4,1,1.8,0.0625,4,1,"1;2;1;1;6;32;1;7;9",4,0.285021812893844,0.722789146519459,-5859.45968787834,44.486166569141,86.2994088901,3.54885273351764,11718.9193757567,88.9723331382821,0.0209039548022599,37,2.34624642530266,0.105218869370754,1770,95.3630000000003,1021,"fixed",NA,NA,NA,1,1,1,1,0.8,0.75,13,1,1,1,0,NA,0.9395,0.75,1,490.558689624822,0.00531417548867508,1,1,1,0,NA,0.99875,1,1,495.79771776423,0.000792321690799186,0.948166666666667,0.75,1,79.2136043856838,0.0122968359679635,0.0884166666666667,0,0.5,88.402499324633,0.0190379523913639,0.695637746221228,0.672728949076458,0.715800706673766,312.419750144898,0.000602554109062741,0.989,1,1,999.999999999994,0.00232042762963735,0.9285,0.5,1,1000.00000000001,0.00423150749209492,1,1,1,0,NA,0.99875,1,1,495.79771776423,0.000792321690799186,0.73325,0.49375,1,68.5322347153351,0.0129078627855211,0.07525,0,0.5,154.825648256378,0.0111270357346209,3.956,4,3.126,0.989,1,0.7815,1,1,1,0,0,0,0.98849356548183,0.964453235292791,0.999080063681528,0.12616973661302,NA,NA,NA,NA,NA,NA,NA,NA,NA,NA,NA,0.328110834129702,0.324324324324324,0.336061246040127,1084.446,3304.466,1000,0.609703997558743,1998,2,"SST",-33.8236464791216,9.52935063334419,3.54941777047947,-36.9470525786855,7.56683045483695,4.88276469245691,-3.12340609956391,2.56913113108921,1.21574413301345,33.8236464791216,9.52935063334419,3.54941777047947,5,1,"dense",1,0.1,"GAMMA"
"SST","WST",NA,17,4,4.037,"strong",4,1,1.8,0.0625,4,1,"1;1;1;1;1;1;5;5;2;1;1;1;4;5;3;10;17",4,0,2.05727064267135,-6105.52462174922,47.0556931846963,131.212294457644,4.90886747856448,12211.0492434984,94.1113863693926,0.00790960451977401,14,1.58292163817706,0.137853536205996,1770,651.186,1015,"fixed",0,1.5,NA,1,1,1,1,0.8,0.75,13,1,1,1,0,NA,0.922180043383948,0.5,1,86.9883167325237,0.0154419074528219,1,1,1,0,NA,0.935466377440347,0.5,1,37.3489220334189,0.0267750248026106,0.864309210526316,0.5,1,14.5928401052848,0.0590758621805116,0.742598684210526,0,1,43.305948978106,0.0392360883103204,0.687589471316501,0.660641357233592,0.710944478578051,689.421283223995,0.00048255548170946,0.963665943600868,0.5,1,69.2240926183072,0.0156086934590555,0.89587852494577,0.25,1,51.1974883472221,0.0267553512572874,0.922451193058568,0.5,1,26.6781819444202,0.0350617316292375,0.887472885032538,0.25,1,27.2973505673971,0.048602498793455,0.524945770065076,0.25,1,59.5046461992664,0.0307072008860318,0.438449023861171,0,0.75,60.7287618094236,0.0235689360877381,3.85466377440347,3.68980477223427,2.37093275488069,0.963665943600868,0.922451193058568,0.592733188720174,1,1,1,0,0,0,0.989596362163929,0.948383150353271,0.998899736242279,0.190272913912564,NA,NA,NA,NA,NA,NA,NA,NA,NA,NA,NA,0.324166312263518,0.318628521511247,0.330055749755841,1498.641,4622.578,922,0.464178464178464,2164,3,"DC-SBM",-55.3699897813303,15.9113511579463,3.47990495789403,-11.4770902864193,4.93117441198429,2.3274557595299,-55.3699897813303,15.9113511579463,3.47990495789403,-43.892899494911,17.0870899239338,2.56877558965909,4,1,"dense",1,0.1,"GAMMA"
"SST","SST",NA,17,4,4.002,"strong",4,1,1.8,0.0625,4,1,"1;1;1;1;1;1;5;5;2;1;1;1;4;5;3;10;17",4,0,1.95506362403684,-6094.0475314628,47.151333950934,111.126174011201,4.30140392345008,12188.0950629256,94.302667901868,0.019774011299435,35,1.62750821175042,0.134779064477911,1770,2358.463,1016,"fixed",0,1.5,0.5,1,1,1,1,0.8,0.75,13,1,1,1,0,NA,1,1,1,0,NA,1,1,1,0,NA,0.999248496993988,1,1,997.999999999997,0.000433445058330042,0.984496124031008,0.666666666666667,1,989.000000000034,0.00270001757460303,0.756740815638692,0,1,469.411083719153,0.0129162370105415,0.678064631710041,0.662619018171072,0.692813809075028,468.209671971238,0.000369364937715303,1,1,1,0,NA,1,1,1,0,NA,1,1,1,0,NA,0.999248496993988,1,1,997.999999999997,0.000433445058330042,0.699649298597194,0.25,1,544.660324745986,0.00939270642256365,0.511773547094188,0,0.75,654.851338002078,0.00775840951871084,4,4,2.8376753507014,1,1,0.709418837675351,1,1,1,0,0,0,0.995629776993805,0.989530663259519,0.999465097905291,0.0535018354576512,NA,NA,NA,NA,NA,NA,NA,NA,NA,NA,NA,0.321770196934999,0.317019400352734,0.327449362250831,1490.231,4630.821,998,0.460890233362143,2133,2,"DC-SBM",-43.892899494911,17.0870899239338,2.56877558965909,-11.4770902864193,4.93117441198429,2.3274557595299,-55.3699897813303,15.9113511579463,3.47990495789403,-43.892899494911,17.0870899239338,2.56877558965909,4,1,"dense",1,0.1,"GAMMA"
"SST","DC-SBM",NA,17,5,5.582,"strong",4,1,1.8,0.0625,4,1,"1;1;1;1;1;1;5;5;2;1;1;1;4;5;3;10;17",4,0,1.40328644662878,-6050.15463196789,46.9672942003208,146.830846490425,6.00146232921882,12100.3092639358,93.9345884006416,0.0186440677966102,33,1.740344993258,0.135050244512038,1770,125.608,1017,"fixed",NA,NA,NA,1,1,1,1,0.8,0.75,13,0.99209197235513,0.833333333333333,1,417.999999999997,0.00166815392700475,0.797787081339713,0.5,1,417.999999999998,0.00714378176605501,1,1,1,0,NA,0.861927546138072,0.857142857142857,1,181.104413290874,0.00204866303042279,0.979323308270677,0.8,1,336.315306843269,0.00327953654208843,0.31017316017316,0.2,0.8,229.644227539635,0.010019822256032,0.611124502296775,0.593281959514179,0.626784829738886,418,0.000426163223085271,0.724641148325359,0.4,1,417.999999999999,0.0102508876763407,0.56866028708134,0.3,0.9,418,0.00776116830667867,0.7,0.7,0.7,0,NA,0.603349282296651,0.6,0.7,181.104413290875,0.00143406412129595,0.432775119617225,0.4,0.5,160.143929407678,0.00489632010057926,0.139473684210526,0.1,0.4,246.977734010698,0.00528688768735097,7.30143540669856,7,4.4377990430622,0.730143540669856,0.7,0.44377990430622,0.978947368421053,0.8,1,0.00927294788515041,0.0152999528839783,0.0032223046289205,0.988169016439598,0.971161156739184,0.996474610536655,0.077629069185472,NA,NA,NA,NA,NA,NA,NA,NA,NA,NA,NA,0.358895107222959,0.354761553109212,0.363450038008618,2050.133,5710.99,418,0.386919985385459,2118,1,"DC-SBM",0,0,NA,-11.4770902864193,4.93117441198429,2.3274557595299,-55.3699897813303,15.9113511579463,3.47990495789403,-43.892899494911,17.0870899239338,2.56877558965909,4,1,"dense",1,0.1,"GAMMA"
"SST","WST",NA,14,5,5.376,"strong",4,1,1.8,0.0625,4,1,"1;1;1;1;1;3;1;8;11;4;4;2;20;2",4,0,1.36035570343142,-6151.68742611336,44.3956148362528,190.738282888652,7.7938746656526,12303.3748522267,88.7912296725057,0.00564971751412429,10,1.86395554475089,0.110666293934967,1770,739.423,1007,"fixed",0,1.5,NA,1,1,1,1,0.8,0.75,13,1,1,1,0,NA,0.757468553459119,0.571428571428571,1,636.000000000001,0.00417174354695339,1,1,1,0,NA,0.801460017969452,0.7,0.857142857142857,636.000000000005,0.00153591989454265,0.79848944294699,0.571428571428571,1,508.832202494641,0.00633160600195589,0.420450858540481,0.109375,0.8,426.969785176371,0.0106166575285041,0.657566710880737,0.628057792868394,0.679695718838806,445.601005446135,0.000621547692609805,0.87688679245283,0.4,1,479.447472113047,0.00798880198978157,0.655817610062893,0.4,0.9,464.288438138102,0.0060492179129497,0.943396226415094,0.7,1,322.193914789485,0.00654429158297667,0.75314465408805,0.6,0.8,273.133862103765,0.00486422586155068,0.511006289308176,0.2,0.7,495.36014527683,0.00628441822489661,0.265408805031447,0.0875,0.6,576.669518292667,0.0061785646326918,8.7688679245283,9.43396226415094,6.41666666666667,0.87688679245283,0.943396226415094,0.641666666666667,1,1,1,0,0,0,0.981061237170928,0.952639501107921,0.994673238885768,0.179931379243134,NA,NA,NA,NA,NA,NA,NA,NA,NA,NA,NA,0.357218243809309,0.350674555877964,0.363838997754432,1939.799,5430.315,636,0.622122403144301,3324,2,"SST",-56.1382182801526,13.459674776173,4.17084507714343,-56.1382182801526,13.459674776173,4.17084507714343,13.7165801559486,8.46161163205737,1.62103636427633,69.8547984361012,10.5866866473754,6.598362713741,2,1,"dense",1,0.1,"GAMMA"
"SST","SST",NA,14,6,6.024,"strong",4,1,1.8,0.0625,4,1,"1;1;1;1;1;3;1;8;11;4;4;2;20;2",4,0.398368456832087,0.991910061234501,-6095.54920783321,44.2528880397202,118.169469162562,5.38876382437662,12191.0984156664,88.5057760794405,0.0288135593220339,51,1.67025031678739,0.149637580138911,1770,2555.765,1008,"fixed",0,1.5,0.5,1,1,1,1,0.8,0.75,13,1,1,1,0,NA,1,1,1,0,NA,0.974686595949855,0.941176470588235,1,729.453928023571,0.00107891434968328,0.763379942140791,0.705882352941177,0.85,881.744726839076,0.00161966756036934,0.796417197797381,0.666666666666667,0.933333333333333,975.999999999989,0.00237369761582468,0.500755156828867,0.25,0.818181818181818,1004.26609832686,0.00443768367360992,0.675629509642743,0.662099397614321,0.689542766286647,800.649610598907,0.000247064493629785,1,1,1,0,NA,1,1,1,0,NA,0.913934426229508,0.8,1,729.453928023575,0.00366830878892315,0.716956967213115,0.6,0.85,857.421847702693,0.00327141615079804,0.477715163934426,0.35,0.7,841.195541661611,0.00317404411075136,0.296823770491803,0.15,0.45,1067.35745952472,0.00268100737010378,20,18.7090163934426,11.9784836065574,1,0.935450819672131,0.598924180327869,1,1,1,0,0,0,0.987839028960553,0.972223228142246,0.997066237445827,0.0610162888419953,NA,NA,NA,NA,NA,NA,NA,NA,NA,NA,NA,0.356673202169172,0.352170062001771,0.358500527983105,2021.91,5668.702,976,0.562137458252769,3198,1,"SST",0,0,NA,-56.1382182801526,13.459674776173,4.17084507714343,13.7165801559486,8.46161163205737,1.62103636427633,69.8547984361012,10.5866866473754,6.598362713741,2,1,"dense",1,0.1,"GAMMA"
"SST","DC-SBM",NA,14,6,5.152,"strong",4,1,1.8,0.0625,4,1,"1;1;1;1;1;3;1;8;11;4;4;2;20;2",4,0.398368456832087,1.04913901765851,-6165.40400626931,44.2406809813564,202.047666121658,7.51876187615676,12330.8080125386,88.4813619627128,0.00508474576271186,9,1.09694691344236,0.110120563913523,1770,119.747,1009,"fixed",NA,NA,NA,1,1,1,1,0.8,0.75,13,0.980557786968409,0.923076923076923,1,412,0.00142322594164331,0.760123811162503,0.588235294117647,0.9375,412,0.00444460889860049,0.976442033123929,0.941176470588235,1,275.290519469117,0.0017393075444085,0.765248429468875,0.7,0.85,212.667652042061,0.00360711052665477,0.831918054976307,0.692307692307692,0.933333333333333,202.578407294226,0.00519224566341956,0.467535586042868,0.216468253968254,0.818181818181818,301.974430408595,0.00845024029167064,0.660492618481184,0.630815430197585,0.682018330568626,412,0.000623348690067061,0.859223300970874,0.6,1,411.999999999998,0.00686269195407221,0.664441747572815,0.45,0.9,212.289445680592,0.00847142681148735,0.919902912621359,0.8,1,275.290519469115,0.00591364565098892,0.72123786407767,0.6,0.85,275.204793935694,0.00550812474996573,0.513956310679612,0.4,0.7,232.024388845253,0.00629777957116254,0.286529126213592,0.15,0.5,326.611013840717,0.00538852525409949,17.504854368932,18.7985436893204,12.3446601941748,0.875242718446602,0.939927184466019,0.617233009708738,0.977305825242718,0.95,1,0.0231694528162419,0.131572946456601,0.0119166114450295,0.956078473977997,0.909556301082724,0.987150749009239,0.383518877073696,NA,NA,NA,NA,NA,NA,NA,NA,NA,NA,NA,0.355967540973677,0.345536893753538,0.366096866096866,1912.946,5370.17,412,0.564064528091971,3042,3,"SST",-69.8547984361012,10.5866866473754,6.598362713741,-56.1382182801526,13.459674776173,4.17084507714343,13.7165801559486,8.46161163205737,1.62103636427633,69.8547984361012,10.5866866473754,6.598362713741,2,1,"dense",1,0.1,"GAMMA"
"SST","WST",NA,12,7,7.022,"strong",4,1,1.8,0.0625,4,1,"1;3;1;5;3;2;12;10;6;10;6;1",4,0.538507984283015,1.13564942479029,-5972.5594826784,43.9211071309472,130.594789121583,5.07217928026303,11945.1189653568,87.8422142618944,0.011864406779661,21,1.65765513645003,0.128546946907398,1770,850.015,1003,"fixed",0,1.5,NA,1,1,1,1,0.8,0.75,13,1,1,1,0,NA,0.631164102837614,0.445571428571429,0.8,973.999999999999,0.00296696301189198,0.967720469359868,0.967741935483871,0.967741935483871,674.769635652226,6.29756379437981e-05,0.692842579591603,0.645161290322581,0.730769230769231,468.972349167017,0.00107738553806267,0.784209804674113,0.625,0.928571428571429,582.229314538072,0.00370917906875198,0.29909349741463,0.0833333333333333,0.615384615384615,451.528524998896,0.00663615913187379,0.685912310364078,0.65411701518802,0.713113883232731,974.000000000001,0.000466053740257144,0.926283367556468,0.714285714285714,1,350.354026150998,0.00510131192870862,0.584628923437958,0.371428571428571,0.771428571428571,509.432244332091,0.00461530423680215,0.855412144323849,0.857142857142857,0.857142857142857,261.428205011945,0.001115048454497,0.612349662657671,0.571428571428571,0.628571428571429,421.590000197349,0.00108634528126794,0.330214139043708,0.228571428571429,0.4,973.999999999998,0.00136915769379196,0.125227339395717,0.0285714285714286,0.257142857142857,566.526268841485,0.00228580651357766,32.4199178644764,30.9373716632444,14.8121149897331,0.926283367556468,0.883924904664124,0.423203285420945,1,1,1,0,0,0,0.889164079184537,0.780581756402614,0.96638478083183,0.754350476804427,NA,NA,NA,NA,NA,NA,NA,NA,NA,NA,NA,0.364349808068535,0.361599471301829,0.370645837468498,2056.526,5644.285,974,0.493092454835282,2784,2,"DC-SBM",-4.45556859103363,16.2515592527678,0.274162529375438,70.7233297212124,22.0093332142577,3.2133335904696,-4.45556859103363,16.2515592527678,0.274162529375438,-75.178898312246,16.5191937636298,4.55100287507776,1,1,"dense",1,0.1,"GAMMA"
"SST","SST",NA,12,5,5.188,"strong",4,1,1.8,0.0625,4,1,"1;3;1;5;3;2;12;10;6;10;6;1",4,0.454713493530499,1.48067972574842,-6043.28281239962,45.2110740136836,120.131199593296,4.19895903942707,12086.5656247992,90.4221480273672,0.019774011299435,35,1.76300796404764,0.136965764625768,1770,2428.165,1004,"fixed",0,1.5,0.5,1,1,1,1,0.8,0.75,13,1,1,1,0,NA,1,1,1,0,NA,1,1,1,0,NA,0.870157819225251,0.8,1,87.3712783221751,0.00604111833969036,0.829261460681834,0.333333333333333,1,482.866899259546,0.0100533597635265,0.313377058140329,0,0.75,702.181055581843,0.00763414410922272,0.680456833433626,0.656921953256287,0.701352050916683,126.181838439231,0.00104356438317847,1,1,1,0,NA,1,1,1,0,NA,1,1,1,0,NA,0.870157819225251,0.8,1,87.3712783221751,0.00604111833969036,0.475896700143472,0.1,0.7,572.781898830851,0.00820144092921499,0.180487804878049,0,0.4,600.417276253153,0.00470087428872774,10,10,5.53658536585366,1,1,0.553658536585366,1,1,1,0,0,0,0.99254536451047,0.975170258373963,0.99951568930609,0.051529164026405,NA,NA,NA,NA,NA,NA,NA,NA,NA,NA,NA,0.356324147394925,0.352362584378013,0.360322921407934,1899.852,5331.284,697,0.431640996387146,2270,3,"DC-SBM",-75.178898312246,16.5191937636298,4.55100287507776,70.7233297212124,22.0093332142577,3.2133335904696,-4.45556859103363,16.2515592527678,0.274162529375438,-75.178898312246,16.5191937636298,4.55100287507776,1,1,"dense",1,0.1,"GAMMA"
"SST","DC-SBM",NA,12,6,6,"strong",4,1,1.8,0.0625,4,1,"1;3;1;5;3;2;12;10;6;10;6;1",4,0.373324566283951,1.05071891786765,-5968.10391408737,43.4566656008843,123.789297250304,4.74846444417476,11936.2078281747,86.9133312017686,0.0129943502824859,23,1.71790478889327,0.134605806935315,1770,130.294,1005,"fixed",NA,NA,NA,1,1,1,1,0.8,0.75,13,0.991112766318649,0.928571428571429,1,1102.46553964309,0.000749936601038468,0.840807173708644,0.642694805194805,1,904.193535139599,0.00334846534414856,1,1,1,0,NA,0.958475,0.875,1,168.580273009322,0.00455412121012677,0.912758205683206,0.833333333333333,1,169.868654037762,0.00525614677788463,0.352698476523477,0.2,0.545454545454545,339.819533150202,0.00779759729092682,0.631980777179372,0.612812937557951,0.650404022105224,725.648991172397,0.000352101574261168,0.73695,0.5,1,476.667554713675,0.00768346040533248,0.61745,0.4,0.85,733.064530008565,0.00465266569223583,0.60765,0.5,0.8,126.95016206167,0.0129835690262909,0.5744,0.5,0.75,121.261160298851,0.00927878379201653,0.6122,0.45,0.8,332.667054837439,0.00447195840476959,0.2295,0.15,0.35,333.054346576786,0.00456206797962681,14.871,12.153,13.446,0.74355,0.60765,0.6723,0.96645,0.9,1,0.0211078046458542,0.0840211338996235,0.00917080449062212,0.963623055037749,0.927174659214874,0.988875289245984,0.178024750539842,NA,NA,NA,NA,NA,NA,NA,NA,NA,NA,NA,0.369681837267947,0.368039993104637,0.371496517750977,2155.77,5831.443,1000,0.415726495726496,2432,1,"DC-SBM",0,0,NA,70.7233297212124,22.0093332142577,3.2133335904696,-4.45556859103363,16.2515592527678,0.274162529375438,-75.178898312246,16.5191937636298,4.55100287507776,1,1,"dense",1,0.1,"GAMMA"
"WST","WST",NA,12,7,6.838,"strong",4,1,1.8,0.0625,4,1,"1;3;1;1;1;1;1;12;2;7;6;24",4,0.544331170837195,0.373439532609445,-5708.16135562043,45.233629828707,112.496606974847,5.95048349880224,11416.3227112409,90.467259657414,0.00564971751412429,10,2.44669344702019,0.105959556039227,1770,870.168,1021,"fixed",0,1.5,NA,1,1,1,1,0.8,0.75,13,1,1,1,0,NA,0.333881513770557,0.166666666666667,0.5,721,0.00306636534405255,1,1,1,0,NA,0.371725777689717,0.371428571428571,0.371428571428571,494.296755029821,0.000229713191553398,0.999893310572922,1,1,720.999999999995,7.53884097076714e-05,0.49920678730303,0.5,0.5,592.191442049298,0.000440105516272195,0.832478407935015,0.798067325628036,0.857366912224226,720.999999999999,0.000604942679003734,0.954032098276204,0.857142857142857,1,645.649832735871,0.00262825790910305,0.318842876956608,0.142857142857143,0.485714285714286,625.05269417111,0.0033150920348732,0.99940558747771,1,1,720.999999999995,0.000342707253526706,0.371468198930057,0.371428571428571,0.371428571428571,721.000000000009,0.000118955866084611,0.685199128194967,0.685714285714286,0.685714285714286,617.652728978802,0.000375384951799575,0.342104220328908,0.342857142857143,0.342857142857143,509.12740901713,0.000390567008938322,33.3911234396671,34.9791955617198,23.9847434119279,0.954032098276204,0.99940558747771,0.685278383197939,1,1,1,0,0,0,0.753420428959651,0.660252741867252,0.827321380150507,3.88392841148693,NA,NA,NA,NA,NA,NA,NA,NA,NA,NA,NA,0.144889377122978,0.144653033858532,0.145879167371806,855.91,5907.346,721,0.646809950922322,3822,1,"WST",0,0,NA,24.0534905632776,11.3516887719851,2.11893499253074,43.4310432228685,10.3757604424006,4.1858178457347,19.3775526595909,10.8464934031148,1.78652693911437,5,1,"dense",1,0.1,"GAMMA"
"WST","SST",NA,12,6,6.036,"strong",4,1,1.8,0.0625,4,1,"1;3;1;1;1;1;1;12;2;7;6;24",4,0.331444759206799,0.411981573132023,-5732.21484618371,46.2758358953356,97.1076431403972,5.8310339087576,11464.4296923674,92.5516717906713,0.0096045197740113,17,2.6224595559073,0.110445059430754,1770,2580.668,1022,"fixed",0,1.5,0.5,1,1,1,1,0.8,0.75,13,1,1,1,0,NA,1,1,1,0,NA,1,1,1,0,NA,0.449274611398964,0.35,0.55,56.4935296288149,0.00578806150113016,1,1,1,0,NA,0.296360742551089,0.277777777777778,0.444444444444444,35.0712627180478,0.00878120650620084,0.852597697520354,0.842087518440307,0.865377645478419,225.186284515451,0.000388146225886302,1,1,1,0,NA,1,1,1,0,NA,1,1,1,0,NA,0.449274611398964,0.35,0.55,56.4935296288149,0.00578806150113016,0.88139896373057,0.7,0.9,83.68300818763,0.00648595447813578,0.261295336787565,0.2,0.4,38.4487741437568,0.00808344744123017,20,20,17.6279792746114,1,1,0.88139896373057,1,1,1,0,0,0,0.827623618979005,0.796199214966877,0.864892470192967,2.51040289664774,NA,NA,NA,NA,NA,NA,NA,NA,NA,NA,NA,0.145340048772235,0.145169448659585,0.146320929449402,861.678,5928.699,965,0.635306019221042,3768,2,"WST",-24.0534905632776,11.3516887719851,2.11893499253074,24.0534905632776,11.3516887719851,2.11893499253074,43.4310432228685,10.3757604424006,4.1858178457347,19.3775526595909,10.8464934031148,1.78652693911437,5,1,"dense",1,0.1,"GAMMA"
"WST","DC-SBM",NA,12,5,5,"strong",4,1,1.8,0.0625,4,1,"1;3;1;1;1;1;1;12;2;7;6;24",4,0.331444759206799,0.534297606849498,-5751.5923988433,46.2585472361275,106.82295217567,7.78023044731096,11503.1847976866,92.517094472255,0.00847457627118644,15,1.12538762106107,0.095947074054298,1770,112.121,1023,"fixed",NA,NA,NA,1,1,1,1,0.8,0.75,13,1,1,1,0,NA,0.3734,0.1,0.6,999.999999999988,0.00376651385589205,1,1,1,0,NA,0.4997,0.5,0.5,999.99999999998,0.000173031615434696,0.9984,1,1,615.168371040365,0.000506148317338924,0.5135,0.5,0.6,157.226714811955,0.00469870279912234,0.852576846016236,0.839900228969286,0.864772004737646,1000,0.000194647676119812,1,1,1,0,NA,0.3734,0.1,0.6,999.999999999988,0.00376651385589205,1,1,1,0,NA,0.4997,0.5,0.5,999.99999999998,0.000173031615434696,0.9984,1,1,615.168371040365,0.000506148317338924,0.5135,0.5,0.6,157.226714811955,0.00469870279912234,10,10,10,1,1,1,1,1,1,0,0,0,0.810330121496023,0.764248432110552,0.850736742962697,3.37875011407071,NA,NA,NA,NA,NA,NA,NA,NA,NA,NA,NA,0.144733074196883,0.144565960355434,0.145401609864703,846.628,5849.593,1000,0.629699248120301,3685,3,"WST",-43.4310432228685,10.3757604424006,4.1858178457347,24.0534905632776,11.3516887719851,2.11893499253074,43.4310432228685,10.3757604424006,4.1858178457347,19.3775526595909,10.8464934031148,1.78652693911437,5,1,"dense",1,0.1,"GAMMA"
"WST","WST",NA,12,8,7.673,"strong",4,1,1.8,0.0625,4,1,"2;1;3;2;1;1;4;6;5;12;1;22",4,0.879373795198318,0.230684230489064,-5481.67392486955,45.3261674264775,134.863372808779,6.23954351933795,10963.3478497391,90.6523348529551,0.00677966101694915,12,1.91675943672543,0.127231354802984,1770,902.5,1009,"fixed",0,1.5,NA,1,1,1,1,0.8,0.75,13,1,1,1,0,NA,0.274132653061224,0.142857142857143,0.410714285714286,369.281743722444,0.00339198292441879,1,1,1,0,NA,0.223036307546274,0.196428571428571,0.303571428571429,37.6198967632698,0.00678116101879191,0.975170701226795,0.952551020408163,0.981132075471698,177.125583597944,0.000858873574027555,0.362654542847006,0.26,0.384615384615385,111.990973526156,0.00352466879819338,0.842523225826162,0.826963669667718,0.855752727746821,93.4896263176818,0.000783275912897549,0.999822021831989,1,1,602.000000000003,0.00017797816801139,0.274086378737542,0.142857142857143,0.410714285714286,369.755385603183,0.00339084643367211,1,1,1,0,NA,0.223036307546274,0.196428571428571,0.303571428571429,37.6198967632698,0.00678116101879191,0.912227100142383,0.857142857142857,0.928571428571429,123.040698212552,0.00316070026007533,0.339612007593735,0.232142857142857,0.357142857142857,123.786492908734,0.00352247009568972,55.9900332225914,56,52.3770764119601,0.999822021831989,1,0.935304935927859,1,1,1,0,0,0,0.733888020232604,0.671148832386661,0.788359158084946,3.56302914960261,NA,NA,NA,NA,NA,NA,NA,NA,NA,NA,NA,0.146819137620749,0.146312584573748,0.147717329928575,867.678,5909.581,602,0.517311264989022,3063,2,"SST",-20.874934459157,7.38239393060307,2.82766466479413,-20.874934459157,7.38239393060307,2.82766466479413,5.33000711782915,10.9030037136656,0.488856764411501,26.2049415769861,12.3154494086311,2.12781041986342,2,1,"dense",1,0.1,"GAMMA"
"WST","SST",NA,12,8,8.106,"strong",4,1,1.8,0.0625,4,1,"2;1;3;2;1;1;4;6;5;12;1;22",4,0.879373795198318,0.230684230489064,-5460.79899041039,45.2481264271127,98.217779411447,4.4330449448611,10921.5979808208,90.4962528542254,0.00677966101694915,12,2.40773546098947,0.118480760434739,1770,2742.942,1010,"fixed",0,1.5,0.5,1,1,1,1,0.8,0.75,13,1,1,1,0,NA,1,1,1,0,NA,1,1,1,0,NA,0.200291286727457,0.196428571428571,0.247767857142857,589.156694355997,0.000594302361841853,0.979374335817151,0.961538461538462,0.981132075471698,447.775359270549,0.000286639543976244,0.371072028074439,0.290909090909091,0.377358490566038,376.726784124031,0.00122732006419781,0.852968580278993,0.844195675187648,0.861834694876777,594.826283169589,0.000186151091092287,1,1,1,0,NA,1,1,1,0,NA,1,1,1,0,NA,0.200291286727457,0.196428571428571,0.247767857142857,589.156694355997,0.000594302361841853,0.927684903748734,0.892857142857143,0.946428571428571,615.975136802871,0.000459015677661138,0.351443768996961,0.285714285714286,0.357142857142857,429.587259688071,0.00106362161628935,56,56,53.0449172576832,1,1,0.947230665315772,1,1,1,0,0,0,0.78156241967042,0.763194011048849,0.804805329277826,2.75619160036917,NA,NA,NA,NA,NA,NA,NA,NA,NA,NA,NA,0.146412123266959,0.14622641509434,0.146809232858113,866.945,5921.269,846,0.517311264989022,3063,1,"SST",0,0,NA,-20.874934459157,7.38239393060307,2.82766466479413,5.33000711782915,10.9030037136656,0.488856764411501,26.2049415769861,12.3154494086311,2.12781041986342,2,1,"dense",1,0.1,"GAMMA"
"WST","DC-SBM",NA,12,7,7,"strong",4,1,1.8,0.0625,4,1,"2;1;3;2;1;1;4;6;5;12;1;22",4,0.756744021675109,0.412923102593171,-5487.00393198738,44.9544334779984,101.738672843065,3.73844516663214,10974.0078639748,89.9088669559968,0.00282485875706215,5,0.972573039070325,0.0991991838221526,1770,148.117,1011,"fixed",NA,NA,NA,1,1,1,1,0.8,0.75,13,1,1,1,0,NA,0.2004,0.0857142857142857,0.342857142857143,1098.82229886863,0.00218395316937343,1,1,1,0,NA,0.0866571428571429,0.0857142857142857,0.0857142857142857,436.329395854674,0.000386852366467497,0.971060606060606,0.96969696969697,1,271.093756608175,0.000381725788470118,0.39450545001725,0.393939393939394,0.393939393939394,396.844502477828,0.000330914765023626,0.850919280705368,0.837689660996655,0.863317187730233,1000,0.000211833380471558,1,1,1,0,NA,0.2004,0.0857142857142857,0.342857142857143,1098.82229886863,0.00218395316937343,1,1,1,0,NA,0.0866571428571429,0.0857142857142857,0.0857142857142857,436.329395854674,0.000386852366467497,0.915171428571429,0.914285714285714,0.942857142857143,317.053030148475,0.000380039244313235,0.371771428571429,0.371428571428571,0.371428571428571,422.870270127696,0.000205509061497782,35,35,32.986,1,1,0.942457142857143,1,1,1,0,0,0,0.733555744870073,0.676326060606676,0.780533630338233,4.06587738274113,NA,NA,NA,NA,NA,NA,NA,NA,NA,NA,NA,0.145381926796993,0.145379735984913,0.145379811757965,847.966,5832.678,1000,0.513286473512772,2994,3,"SST",-26.2049415769861,12.3154494086311,2.12781041986342,-20.874934459157,7.38239393060307,2.82766466479413,5.33000711782915,10.9030037136656,0.488856764411501,26.2049415769861,12.3154494086311,2.12781041986342,2,1,"dense",1,0.1,"GAMMA"
"WST","WST",NA,12,7,7.494,"strong",4,1,1.8,0.0625,4,1,"1;2;1;1;2;1;8;3;9;9;12;11",4,0.578140960163432,0.383659166810898,-5496.63741794467,46.8816602582318,157.00468712854,6.8361034210471,10993.2748358893,93.7633205164637,0.000564971751412429,1,1.12058653300527,0.108028330895697,1770,899.171,1005,"fixed",0,1.5,NA,1,1,1,1,0.8,0.75,13,1,1,1,0,NA,0.324136054421769,0.2,0.457142857142857,525,0.00313713410353668,1,1,1,0,NA,0.292244897959184,0.285714285714286,0.371428571428571,53.694856173806,0.00310629314612032,0.947210884353741,0.942857142857143,1,53.6948561738073,0.00207086209741352,0.32171268507403,0.314285714285714,0.411764705882353,53.6948561738065,0.0035326471073525,0.847691575974839,0.835346147825378,0.859363889999747,600.835722179645,0.000258160701201677,1,1,1,0,NA,0.324136054421769,0.2,0.457142857142857,525,0.00313713410353668,1,1,1,0,NA,0.292244897959184,0.285714285714286,0.371428571428571,53.694856173806,0.00310629314612032,0.945034013605442,0.942857142857143,0.971428571428571,53.6948561738073,0.00103543104870676,0.320816326530612,0.314285714285714,0.4,53.694856173806,0.00310629314612032,35,35,34.9238095238095,1,1,0.997823129251701,1,1,1,0,0,0,0.74312519228112,0.685015307850777,0.788498873341039,3.52175973499806,NA,NA,NA,NA,NA,NA,NA,NA,NA,NA,NA,0.147124770485758,0.145321831453218,0.150869777271988,894.111,6076.532,525,0.37342402123424,2251,2,"SST",-34.3734142718986,12.7104676648377,2.70433906747503,-34.3734142718986,12.7104676648377,2.70433906747503,0.96474365476206,16.7093627463531,0.0577367114118473,35.3381579266606,16.7330343782074,2.11187983768707,1,1,"dense",1,0.1,"GAMMA"
"WST","SST",NA,12,8,8.16,"strong",4,1,1.8,0.0625,4,1,"1;2;1;1;2;1;8;3;9;9;12;11",4,0.854032657100445,0.206075466276672,-5462.26400367277,47.547524467392,107.307205615743,4.86578801784465,10924.5280073455,95.0950489347841,0.00621468926553672,11,1.76969638508013,0.126759560460059,1770,2840.913,1006,"fixed",0,1.5,0.5,1,1,1,1,0.8,0.75,13,1,1,1,0,NA,1,1,1,0,NA,1,1,1,0,NA,0.425986558676547,0.392857142857143,0.428571428571429,623.560470217805,0.000383901439797745,0.980803041577894,0.98,0.981481481481482,829.000000000007,0.000101834786090708,0.414393763494548,0.339622641509434,0.52,514.016092156815,0.00140001714088878,0.853353557568648,0.8443208183207,0.862338963125872,540.576567855372,0.00019768540657472,1,1,1,0,NA,1,1,1,0,NA,1,1,1,0,NA,0.425986558676547,0.392857142857143,0.428571428571429,623.560470217805,0.000383901439797745,0.894451145958987,0.875,0.946428571428571,686.036689018205,0.000479395672656289,0.377606410477339,0.321428571428571,0.464285714285714,504.901565687556,0.0011209466182201,56,56,51.0687575392039,1,1,0.911942098914355,1,1,1,0,0,0,0.822218366242276,0.790663346370202,0.851503048487609,2.35710052063392,NA,NA,NA,NA,NA,NA,NA,NA,NA,NA,NA,0.147037601241461,0.146748824387871,0.148305084745763,904.645,6152.485,829,0.440669700910273,2711,1,"SST",0,0,NA,-34.3734142718986,12.7104676648377,2.70433906747503,0.96474365476206,16.7093627463531,0.0577367114118473,35.3381579266606,16.7330343782074,2.11187983768707,1,1,"dense",1,0.1,"GAMMA"
"WST","DC-SBM",NA,12,7,7,"strong",4,1,1.8,0.0625,4,1,"1;2;1;1;2;1;8;3;9;9;12;11",4,0.841977112247382,0.368331091168498,-5497.60216159944,47.1733296731263,118.9548888908,4.58101929394782,10995.2043231989,94.3466593462525,0.00734463276836158,13,1.79875545250669,0.101322224111209,1770,148.989,1007,"fixed",NA,NA,NA,1,1,1,1,0.8,0.75,13,1,1,1,0,NA,0.411657142857143,0.285238095238095,0.542857142857143,999.999999999999,0.00214781825036834,1,1,1,0,NA,0.436004761904762,0.433333333333333,0.485714285714286,58.5774049870424,0.00141898932293234,0.96996245543672,0.96875,0.970588235294118,517.44350916432,0.000190295299931517,0.410464739304813,0.272727272727273,0.5625,140.653382033027,0.0119197315335117,0.833345868548865,0.819599229168833,0.845667073644254,867.624740560809,0.000217791448302066,0.965571428571429,0.857142857142857,1,877.333005204134,0.00206379421717932,0.398142857142857,0.257142857142857,0.542857142857143,1000,0.00231681525786185,0.866142857142857,0.857142857142857,1,51.1696414323726,0.00485459606127262,0.378,0.371428571428571,0.485714285714286,43.4950895425754,0.00387947058033105,0.904114285714286,0.885714285714286,0.942857142857143,102.454269462221,0.00167854841433994,0.380742857142857,0.257142857142857,0.514285714285714,140.045910260881,0.0106431068379433,33.795,30.315,32.624,0.965571428571429,0.866142857142857,0.932114285714286,1,1,1,0,0,0,0.804797675538023,0.767671863120406,0.843210766618133,2.73328548564282,NA,NA,NA,NA,NA,NA,NA,NA,NA,NA,NA,0.151596519994966,0.149335548172757,0.151946975973488,915.871,6041.498,1000,0.402816901408451,2431,3,"SST",-35.3381579266606,16.7330343782074,2.11187983768707,-34.3734142718986,12.7104676648377,2.70433906747503,0.96474365476206,16.7093627463531,0.0577367114118473,35.3381579266606,16.7330343782074,2.11187983768707,1,1,"dense",1,0.1,"GAMMA"
"WST","WST",NA,10,9,8.795,"strong",4,1,1.8,0.0625,4,1,"2;1;7;8;3;10;4;10;6;9",4,0.993316366217818,0.0459147917027245,-5464.29851081119,44.5107539357741,150.414884382322,5.76273643602926,10928.5970216224,89.0215078715483,0.000564971751412429,1,0.76844065979047,0.102302828439193,1770,1004.287,1017,"fixed",0,1.5,NA,1,1,1,1,0.8,0.75,13,1,1,1,0,NA,0.307868249776963,0.214285714285714,0.404761904761905,578.759544820303,0.00210496548606153,1,1,1,0,NA,0.296334716459198,0.285714285714286,0.297619047619048,327.074788372135,0.000418322492392019,0.971280387329591,0.962025316455696,0.987654320987654,64.0201273438525,0.00160293584670438,0.305288906668072,0.275,0.354430379746835,50.4797890596334,0.00353069940334111,0.847873132475931,0.837023242362937,0.858230220801635,619.854157347505,0.000216315012457495,0.999769479022591,1,1,722.999999999999,0.000162890024290815,0.307794902193242,0.214285714285714,0.404761904761905,575.887775996667,0.00211000695060877,1,1,1,0,NA,0.296334716459198,0.285714285714286,0.297619047619048,327.074788372135,0.000418322492392019,0.915777514325232,0.904761904761905,0.952380952380952,67.9863220483483,0.00375284616053141,0.287459658828953,0.261904761904762,0.333333333333333,75.6175564235318,0.00233060833182778,83.9806362378976,84,79.1867219917012,0.999769479022591,1,0.942699071329777,1,1,1,0,0,0,0.68429468424578,0.630499643162986,0.744968390450946,4.18102411932554,NA,NA,NA,NA,NA,NA,NA,NA,NA,NA,NA,0.149024331117546,0.147318611987382,0.149640067391637,965.268,6476.856,723,0.511410629499158,3339,1,"WST",0,0,NA,6.02168922286,10.19015518347,0.590932043177135,106.834035598056,18.5103375255184,5.7715876574792,100.812346375196,17.8947130615753,5.63363860757664,4,1,"dense",1,0.1,"GAMMA"
"WST","SST",NA,10,8,8.028,"strong",4,1,1.8,0.0625,4,1,"2;1;7;8;3;10;4;10;6;9",4,0.863566790607875,0.24730959103494,-5470.32020003405,44.0929002756922,88.3538495315664,3.12613459671727,10940.6404000681,88.1858005513844,0.00451977401129944,8,1.04192388468715,0.110268285552166,1770,2857.634,1018,"fixed",0,1.5,0.5,1,1,1,1,0.8,0.75,13,1,1,1,0,NA,1,1,1,0,NA,1,1,1,0,NA,0.268077601410935,0.267857142857143,0.267857142857143,708.585496774002,7.41138434162861e-05,0.980638796399063,0.980392156862745,0.980392156862745,709.333572229043,8.13469358122938e-05,0.410691367159489,0.411764705882353,0.411764705882353,711.130090689258,0.000411942648740996,0.854104464521955,0.845333207309287,0.862836589612334,774.535282697104,0.000158256182944981,1,1,1,0,NA,1,1,1,0,NA,1,1,1,0,NA,0.268077601410935,0.267857142857143,0.267857142857143,708.585496774002,7.41138434162861e-05,0.893298059964727,0.892857142857143,0.892857142857143,971.999999999987,0.000109374552624244,0.374118165784832,0.375,0.375,720.517728850104,0.000382875914958026,56,56,51.0123456790123,1,1,0.910934744268078,1,1,1,0,0,0,0.800880887881257,0.773882465354403,0.830439254453955,2.57869872954282,NA,NA,NA,NA,NA,NA,NA,NA,NA,NA,NA,0.147513042832148,0.14742284192386,0.147515284527355,940.94,6378.69,972,0.504624549302399,3219,2,"WST",-6.02168922286,10.19015518347,0.590932043177135,6.02168922286,10.19015518347,0.590932043177135,106.834035598056,18.5103375255184,5.7715876574792,100.812346375196,17.8947130615753,5.63363860757664,4,1,"dense",1,0.1,"GAMMA"
"WST","DC-SBM",NA,10,6,6,"strong",4,1,1.8,0.0625,4,1,"2;1;7;8;3;10;4;10;6;9",4,0.768277681442948,0.64559943382213,-5571.13254640924,46.0604918177955,115.257122694273,6.27018687095649,11142.2650928185,92.1209836355911,0.00338983050847458,6,1.37425057583541,0.0812935778560415,1770,135.604,1019,"fixed",NA,NA,NA,1,1,1,1,0.8,0.75,13,1,1,1,0,NA,0.33925,0.2,0.5,670.665182233028,0.00302279587871297,1,1,1,0,NA,0.3266,0.25,0.35,90.3137237068967,0.00446341822606448,0.99535,0.95,1,780.778856038874,0.000519958109562678,0.38037263501892,0.35,0.5,291.492160112974,0.00296849608887341,0.848298755177423,0.839046683229745,0.857253919575461,1000,0.000148831756300096,1,1,1,0,NA,0.33925,0.2,0.5,670.665182233028,0.00302279587871297,1,1,1,0,NA,0.3266,0.25,0.35,90.3137237068967,0.00446341822606448,0.98325,0.95,1,136.901588666579,0.00208041961065262,0.37535,0.35,0.5,552.500872730547,0.00202792543195679,20,20,19.758,1,1,0.9879,1,1,1,0,0,0,0.760307328536488,0.718032473863956,0.799880773108567,3.31994172484257,NA,NA,NA,NA,NA,NA,NA,NA,NA,NA,NA,0.148953785160921,0.148832684824903,0.148984565393989,918.485,6166.242,1000,0.457698541329011,2824,3,"WST",-106.834035598056,18.5103375255184,5.7715876574792,6.02168922286,10.19015518347,0.590932043177135,106.834035598056,18.5103375255184,5.7715876574792,100.812346375196,17.8947130615753,5.63363860757664,4,1,"dense",1,0.1,"GAMMA"
"WST","WST",NA,18,9,9.391,"strong",4,1,1.8,0.0625,4,1,"1;1;1;1;1;1;2;13;6;3;2;2;6;3;9;6;1;1",4,0.921639346197664,0.803013491123068,-5454.34874419096,49.1688102916667,201.785456918066,9.11958165381389,10908.6974883819,98.3376205833335,0.00790960451977401,14,2.39580546488622,0.156283785342,1770,1118.501,1013,"fixed",0,1.5,NA,1,1,1,1,0.8,0.75,13,1,1,1,0,NA,0.279576495855566,0.19047619047619,0.380952380952381,443.56109856721,0.00233832005710894,1,1,1,0,NA,0.258324104835733,0.202380952380952,0.273809523809524,37.8031437819496,0.00290899978816216,0.968183877019124,0.924050632911392,0.987179487179487,390.513731326653,0.000980203270213135,0.331069447729736,0.246913580246914,0.4125,167.199493673578,0.00294910201070379,0.848740531322483,0.836756927051914,0.859707305631464,402.688193161917,0.000293860658078985,0.999483204134367,1,1,645,0.000257795371717805,0.279438907345884,0.19047619047619,0.380952380952381,441.149808286269,0.00234663301942099,1,1,1,0,NA,0.258324104835733,0.202380952380952,0.273809523809524,37.8031437819496,0.00290899978816216,0.902307124400148,0.869047619047619,0.928571428571429,163.721023811628,0.00135779862739933,0.308471760797342,0.238095238095238,0.392857142857143,182.085328123423,0.0026108289704345,83.9565891472868,84,78.2976744186047,0.999483204134367,1,0.932115171650055,1,1,1,0,0,0,0.695549460415549,0.648883404259933,0.742610938707146,4.01396896553556,NA,NA,NA,NA,NA,NA,NA,NA,NA,NA,NA,0.140025443925504,0.139301101005266,0.141300865107337,872.241,6229.167,645,0.717985842985843,4463,3,"SST",-6.73974832871136,14.5856474069792,0.46208084842956,-6.73974832871136,14.5856474069792,0.46208084842956,-6.2662691816804,17.9399098758544,0.349292121590548,0.473479147030957,16.7426171056307,0.0282798766790004,3,1,"dense",1,0.1,"GAMMA"
"WST","SST",NA,18,9,9.297,"strong",4,1,1.8,0.0625,4,1,"1;1;1;1;1;1;2;13;6;3;2;2;6;3;9;6;1;1",4,0.866434508471166,0.705690673171601,-5447.60899586225,48.8323267194987,153.69469264946,7.10151037020234,10895.2179917245,97.6646534389974,0.0141242937853107,25,3.06902923823218,0.159226709093807,1770,3014.871,1014,"fixed",0,1.5,0.5,1,1,1,1,0.8,0.75,13,1,1,1,0,NA,1,1,1,0,NA,1,1,1,0,NA,0.26593646179402,0.261904761904762,0.285714285714286,411.806523545126,0.000572420277984139,0.974420424899418,0.934210526315789,1,506.68453968177,0.000899708722505979,0.303348786800751,0.272727272727273,0.333333333333333,308.364639860035,0.000947232109145611,0.860536686326902,0.851380699727547,0.869558787776877,464.582692527669,0.000209858031509697,1,1,1,0,NA,1,1,1,0,NA,1,1,1,0,NA,0.26593646179402,0.261904761904762,0.285714285714286,411.806523545126,0.000572420277984139,0.895089285714286,0.845238095238095,0.928571428571429,688,0.000841354214026177,0.278619878183832,0.25,0.30952380952381,322.903457502057,0.000843497861964526,84,84,77.1584302325581,1,1,0.918552740863787,1,1,1,0,0,0,0.783957222778973,0.760564684464994,0.808908865852215,2.83992696687718,NA,NA,NA,NA,NA,NA,NA,NA,NA,NA,NA,0.139636466302107,0.139291465378422,0.140241961158867,867.902,6215.436,688,0.621468926553672,3850,1,"SST",0,0,NA,-6.73974832871136,14.5856474069792,0.46208084842956,-6.2662691816804,17.9399098758544,0.349292121590548,0.473479147030957,16.7426171056307,0.0282798766790004,3,1,"dense",1,0.1,"GAMMA"
"WST","DC-SBM",NA,18,8,8,"strong",4,1,1.8,0.0625,4,1,"1;1;1;1;1;1;2;13;6;3;2;2;6;3;9;6;1;1",4,0.846187021647753,0.807088223823373,-5448.08247500928,49.1281344602623,124.574409442721,4.47132483854299,10896.1649500186,98.2562689205247,0.00621468926553672,11,2.94003851765897,0.101762250075816,1770,165.424,1015,"fixed",NA,NA,NA,1,1,1,1,0.8,0.75,13,1,1,1,0,NA,0.334446428571429,0.232142857142857,0.446428571428571,1000,0.00168050946396831,1,1,1,0,NA,0.339196428571429,0.321428571428571,0.339285714285714,368.120125880609,0.000318479127565346,0.980290183272148,0.980392156862745,0.981132075471698,501.777942401036,0.000110943397893739,0.391030151683315,0.377358490566038,0.392156862745098,395.995475982586,0.00032975997424126,0.847157332903939,0.83584440866274,0.857669937176803,999.999999999999,0.000179358908191785,1,1,1,0,NA,0.334446428571429,0.232142857142857,0.446428571428571,1000,0.00168050946396831,1,1,1,0,NA,0.339196428571429,0.321428571428571,0.339285714285714,368.120125880609,0.000318479127565346,0.894285714285714,0.892857142857143,0.928571428571429,552.700039543304,0.00029977076580367,0.356696428571429,0.357142857142857,0.357142857142857,421.175082318428,0.000240587747335777,56,56,51.087,1,1,0.912267857142857,1,1,1,0,0,0,0.733288834175557,0.693124358879853,0.774438999076765,3.42835046851277,NA,NA,NA,NA,NA,NA,NA,NA,NA,NA,NA,0.140759643691979,0.14041095890411,0.140764849471115,864.905,6144.551,1000,0.664442636289666,4083,2,"SST",-0.473479147030957,16.7426171056307,0.0282798766790004,-6.73974832871136,14.5856474069792,0.46208084842956,-6.2662691816804,17.9399098758544,0.349292121590548,0.473479147030957,16.7426171056307,0.0282798766790004,3,1,"dense",1,0.1,"GAMMA"
