source_file,gen_model,K_true,density,hierch,rep_id,scenario_id,theta_ocrp,dgp_partition,comparison,block_low,block_high,block_pair,block_distance,n_dyads,sum_delta,se_delta,z_abs,significant_2se,mean_delta,positive_fraction,mean_Nij,mean_Aij,mean_Aji,mean_total_edges,mean_net_edges
loo_pointwise_rep001_SST_clean_SST_K4_kappa_5_strong_seed1001.csv,SST,4,kappa_5,strong,1,SST_clean,1,OCRP_MIN,SST_minus_DC,1,2,1-2,1,56,1.027032866796345,0.13136395304907758,7.8182244288328135,TRUE,0.018339872621363308,0.9107142857142857,5.821428571428571,3.1071428571428568,2.7142857142857144,5.821428571428571,0.39285714285714307
loo_pointwise_rep001_SST_clean_SST_K4_kappa_5_strong_seed1001.csv,SST,4,kappa_5,strong,1,SST_clean,1,OCRP_MIN,SST_minus_DC,1,3,1-3,2,154,0.6257092655305307,0.2996546971964533,2.0881009755048705,TRUE,0.00406304717876968,0.461038961038961,2.792207792207792,1.0194805194805194,1.7727272727272725,2.792207792207792,-0.7532467532467533
loo_pointwise_rep001_SST_clean_SST_K4_kappa_5_strong_seed1001.csv,SST,4,kappa_5,strong,1,SST_clean,1,OCRP_MIN,SST_minus_DC,1,4,1-4,3,77,0.27957853129246546,0.5792498029053589,0.48265623896663556,FALSE,0.0036308900167852662,0.2857142857142857,5.376623376623376,3.4675324675324672,1.909090909090909,5.376623376623376,1.5584415584415587
loo_pointwise_rep001_SST_clean_SST_K4_kappa_5_strong_seed1001.csv,SST,4,kappa_5,strong,1,SST_clean,1,OCRP_MIN,SST_minus_DC,2,3,2-3,1,176,0.2633486910682721,0.8215290009582271,0.3205592142956652,FALSE,0.001496299381069727,0.4715909090909091,9.164772727272727,3.8295454545454546,5.3352272727272725,9.164772727272727,-1.505681818181818
loo_pointwise_rep001_SST_clean_SST_K4_kappa_5_strong_seed1001.csv,SST,4,kappa_5,strong,1,SST_clean,1,OCRP_MIN,SST_minus_DC,2,4,2-4,2,88,0.22143766210040028,0.18489831400247148,1.1976186115869092,FALSE,0.0025163370693227303,0.5340909090909091,3.375,2.0454545454545454,1.3295454545454544,3.375,0.7159090909090914
loo_pointwise_rep001_SST_clean_SST_K4_kappa_5_strong_seed1001.csv,SST,4,kappa_5,strong,1,SST_clean,1,OCRP_MIN,SST_minus_DC,3,4,3-4,1,242,0.1971850212495619,0.916975871645578,0.21503839669815894,FALSE,8.148141373948845e-4,0.5330578512396694,7.3429752066115705,4.400826446280991,2.9421487603305776,7.3429752066115705,1.4586776859504118
loo_pointwise_rep001_SST_clean_SST_K4_kappa_5_strong_seed1001.csv,SST,4,kappa_5,strong,1,SST_clean,1,OCRP_MIN,SST_minus_DC,3,3,3-3,0,231,-0.0748310366720768,0.10279512665164928,0.7279628821866546,FALSE,-3.239438816973016e-4,0.4805194805194805,0.7748917748917749,0.3896103896103897,0.3852813852813852,0.7748917748917749,0.004329004329004377
loo_pointwise_rep001_SST_clean_SST_K4_kappa_5_strong_seed1001.csv,SST,4,kappa_5,strong,1,SST_clean,1,OCRP_MIN,SST_minus_DC,4,4,4-4,0,55,-0.07068908004579819,0.06080277478007582,1.1625962844867068,FALSE,-0.0012852560008326944,0.509090909090909,2.036363636363636,0.9272727272727271,1.1090909090909091,2.036363636363636,-0.18181818181818188
loo_pointwise_rep001_SST_clean_SST_K4_kappa_5_strong_seed1001.csv,SST,4,kappa_5,strong,1,SST_clean,1,OCRP_MIN,SST_minus_DC,2,2,2-2,0,28,-0.04389903021200875,0.19866764365290485,0.22096718622537945,FALSE,-0.0015678225075717433,0.5357142857142857,2.0357142857142856,0.9285714285714285,1.1071428571428572,2.0357142857142856,-0.17857142857142863
loo_pointwise_rep001_SST_clean_SST_K4_kappa_5_strong_seed1001.csv,SST,4,kappa_5,strong,1,SST_clean,1,OCRP_MIN,SST_minus_DC,1,1,1-1,0,21,0.014264947460401486,0.06890306247800436,0.2070292226119155,FALSE,6.792832124000708e-4,0.5714285714285714,1.7142857142857142,0.9523809523809523,0.7619047619047619,1.7142857142857142,0.19047619047619038
loo_pointwise_rep001_SST_clean_SST_K4_kappa_5_strong_seed1001.csv,SST,4,kappa_5,strong,1,SST_clean,1,OCRP_MIN,WST_minus_DC,3,4,3-4,1,242,-0.8658199545839562,0.6262446523407735,1.3825586395791158,FALSE,-0.0035777684073717182,0.4132231404958678,7.3429752066115705,4.400826446280991,2.9421487603305776,7.3429752066115705,1.4586776859504118
loo_pointwise_rep001_SST_clean_SST_K4_kappa_5_strong_seed1001.csv,SST,4,kappa_5,strong,1,SST_clean,1,OCRP_MIN,WST_minus_DC,2,4,2-4,2,88,-0.698366836830431,0.8627264414541372,0.8094881567015891,FALSE,-0.00793598678216399,0.3977272727272727,3.375,2.0454545454545454,1.3295454545454544,3.375,0.7159090909090914
loo_pointwise_rep001_SST_clean_SST_K4_kappa_5_strong_seed1001.csv,SST,4,kappa_5,strong,1,SST_clean,1,OCRP_MIN,WST_minus_DC,1,4,1-4,3,77,-0.6950018112018695,1.3087501847798955,0.5310423786635449,FALSE,-0.009025997548076222,0.23376623376623376,5.376623376623376,3.4675324675324672,1.909090909090909,5.376623376623376,1.5584415584415587
loo_pointwise_rep001_SST_clean_SST_K4_kappa_5_strong_seed1001.csv,SST,4,kappa_5,strong,1,SST_clean,1,OCRP_MIN,WST_minus_DC,1,3,1-3,2,154,-0.4776706573470595,1.007327615543038,0.47419593186627085,FALSE,-0.0031017575152406445,0.35064935064935066,2.792207792207792,1.0194805194805194,1.7727272727272725,2.792207792207792,-0.7532467532467533
loo_pointwise_rep001_SST_clean_SST_K4_kappa_5_strong_seed1001.csv,SST,4,kappa_5,strong,1,SST_clean,1,OCRP_MIN,WST_minus_DC,2,3,2-3,1,176,-0.33440164848545717,0.3715984777351233,0.8999004800117073,FALSE,-0.0019000093663946425,0.4602272727272727,9.164772727272727,3.8295454545454546,5.3352272727272725,9.164772727272727,-1.505681818181818
loo_pointwise_rep001_SST_clean_SST_K4_kappa_5_strong_seed1001.csv,SST,4,kappa_5,strong,1,SST_clean,1,OCRP_MIN,WST_minus_DC,3,3,3-3,0,231,0.31117603903145863,0.3611663639321297,0.8615864324783433,FALSE,0.0013470824200496044,0.5238095238095238,0.7748917748917749,0.3896103896103897,0.3852813852813852,0.7748917748917749,0.004329004329004377
loo_pointwise_rep001_SST_clean_SST_K4_kappa_5_strong_seed1001.csv,SST,4,kappa_5,strong,1,SST_clean,1,OCRP_MIN,WST_minus_DC,1,2,1-2,1,56,0.10965698362085186,0.3166541370029244,0.34629891356776793,FALSE,0.001958160421800927,0.5,5.821428571428571,3.1071428571428568,2.7142857142857144,5.821428571428571,0.39285714285714307
loo_pointwise_rep001_SST_clean_SST_K4_kappa_5_strong_seed1001.csv,SST,4,kappa_5,strong,1,SST_clean,1,OCRP_MIN,WST_minus_DC,1,1,1-1,0,21,0.05963649102417261,0.15047119153331667,0.39633161947128037,FALSE,0.002839832905912979,0.5714285714285714,1.7142857142857142,0.9523809523809523,0.7619047619047619,1.7142857142857142,0.19047619047619038
loo_pointwise_rep001_SST_clean_SST_K4_kappa_5_strong_seed1001.csv,SST,4,kappa_5,strong,1,SST_clean,1,OCRP_MIN,WST_minus_DC,4,4,4-4,0,55,-0.028363315996828765,0.14637188020694153,0.1937757167341741,FALSE,-5.156966544877955e-4,0.6363636363636364,2.036363636363636,0.9272727272727271,1.1090909090909091,2.036363636363636,-0.18181818181818188
loo_pointwise_rep001_SST_clean_SST_K4_kappa_5_strong_seed1001.csv,SST,4,kappa_5,strong,1,SST_clean,1,OCRP_MIN,WST_minus_DC,2,2,2-2,0,28,-0.009861747852764734,0.15458114339494927,0.06379657722914057,FALSE,-3.522052804558847e-4,0.4642857142857143,2.0357142857142856,0.9285714285714285,1.1071428571428572,2.0357142857142856,-0.17857142857142863
loo_pointwise_rep001_SST_clean_SST_K4_kappa_5_strong_seed1001.csv,SST,4,kappa_5,strong,1,SST_clean,1,OCRP_MIN,WST_minus_SST,1,3,1-3,2,154,-1.1033799228775882,0.7858714380616382,1.4040208988878495,FALSE,-0.007164804694010315,0.33766233766233766,2.792207792207792,1.0194805194805194,1.7727272727272725,2.792207792207792,-0.7532467532467533
loo_pointwise_rep001_SST_clean_SST_K4_kappa_5_strong_seed1001.csv,SST,4,kappa_5,strong,1,SST_clean,1,OCRP_MIN,WST_minus_SST,3,4,3-4,1,242,-1.0630049758335194,1.122589511542021,0.9469222408584108,FALSE,-0.00439258254476661,0.4380165289256198,7.3429752066115705,4.400826446280991,2.9421487603305776,7.3429752066115705,1.4586776859504118
loo_pointwise_rep001_SST_clean_SST_K4_kappa_5_strong_seed1001.csv,SST,4,kappa_5,strong,1,SST_clean,1,OCRP_MIN,WST_minus_SST,1,4,1-4,3,77,-0.9745803424943337,0.7527349063605309,1.2947192089263195,FALSE,-0.012656887564861469,0.23376623376623376,5.376623376623376,3.4675324675324672,1.909090909090909,5.376623376623376,1.5584415584415587
loo_pointwise_rep001_SST_clean_SST_K4_kappa_5_strong_seed1001.csv,SST,4,kappa_5,strong,1,SST_clean,1,OCRP_MIN,WST_minus_SST,2,4,2-4,2,88,-0.9198044989308325,1.0233076241649777,0.8988543397997214,FALSE,-0.010452323851486738,0.4090909090909091,3.375,2.0454545454545454,1.3295454545454544,3.375,0.7159090909090914
loo_pointwise_rep001_SST_clean_SST_K4_kappa_5_strong_seed1001.csv,SST,4,kappa_5,strong,1,SST_clean,1,OCRP_MIN,WST_minus_SST,1,2,1-2,1,56,-0.917375883175492,0.3305548724917194,2.7752605074622605,TRUE,-0.016381712199562352,0.375,5.821428571428571,3.1071428571428568,2.7142857142857144,5.821428571428571,0.39285714285714307
loo_pointwise_rep001_SST_clean_SST_K4_kappa_5_strong_seed1001.csv,SST,4,kappa_5,strong,1,SST_clean,1,OCRP_MIN,WST_minus_SST,2,3,2-3,1,176,-0.597750339553729,0.6333368457144222,0.9438110913623688,FALSE,-0.003396308747464369,0.5,9.164772727272727,3.8295454545454546,5.3352272727272725,9.164772727272727,-1.505681818181818
loo_pointwise_rep001_SST_clean_SST_K4_kappa_5_strong_seed1001.csv,SST,4,kappa_5,strong,1,SST_clean,1,OCRP_MIN,WST_minus_SST,3,3,3-3,0,231,0.38600707570353576,0.3894194692291894,0.991237229272568,FALSE,0.001671026301746908,0.5194805194805194,0.7748917748917749,0.3896103896103897,0.3852813852813852,0.7748917748917749,0.004329004329004377
loo_pointwise_rep001_SST_clean_SST_K4_kappa_5_strong_seed1001.csv,SST,4,kappa_5,strong,1,SST_clean,1,OCRP_MIN,WST_minus_SST,1,1,1-1,0,21,0.045371543563771155,0.0879136227040868,0.5160922979648976,FALSE,0.002160549693512912,0.5714285714285714,1.7142857142857142,0.9523809523809523,0.7619047619047619,1.7142857142857142,0.19047619047619038
loo_pointwise_rep001_SST_clean_SST_K4_kappa_5_strong_seed1001.csv,SST,4,kappa_5,strong,1,SST_clean,1,OCRP_MIN,WST_minus_SST,4,4,4-4,0,55,0.042325764048969976,0.12726005126893364,0.33259269996304347,FALSE,7.695593463449089e-4,0.6909090909090909,2.036363636363636,0.9272727272727271,1.1090909090909091,2.036363636363636,-0.18181818181818188
loo_pointwise_rep001_SST_clean_SST_K4_kappa_5_strong_seed1001.csv,SST,4,kappa_5,strong,1,SST_clean,1,OCRP_MIN,WST_minus_SST,2,2,2-2,0,28,0.034037282359244116,0.06735811342419132,0.5053182256589123,FALSE,0.001215617227115861,0.39285714285714285,2.0357142857142856,0.9285714285714285,1.1071428571428572,2.0357142857142856,-0.17857142857142863
loo_pointwise_rep001_WST_hetero_WST_K4_kappa_5_strong_seed1002.csv,WST,4,kappa_5,strong,1,WST_hetero,1,OCRP_MIN,SST_minus_DC,3,4,3-4,1,242,-137.1551003344356,16.68022623890183,8.222616310476699,TRUE,-0.5667566129522135,0.30165289256198347,6.867768595041323,3.6942148760330578,3.1735537190082646,6.867768595041323,0.5206611570247932
loo_pointwise_rep001_WST_hetero_WST_K4_kappa_5_strong_seed1002.csv,WST,4,kappa_5,strong,1,WST_hetero,1,OCRP_MIN,SST_minus_DC,2,3,2-3,1,176,-87.75759993689363,9.210033870620965,9.52847743772486,TRUE,-0.49862272691416837,0.21022727272727273,8.710227272727273,3.528409090909091,5.1818181818181825,8.710227272727273,-1.6534090909090902
loo_pointwise_rep001_WST_hetero_WST_K4_kappa_5_strong_seed1002.csv,WST,4,kappa_5,strong,1,WST_hetero,1,OCRP_MIN,SST_minus_DC,1,2,1-2,1,56,-71.16534165438628,5.820862205892979,12.22591072201284,TRUE,-1.270809672399755,0.017857142857142856,5.375,3.410714285714286,1.9642857142857142,5.375,1.4464285714285725
loo_pointwise_rep001_WST_hetero_WST_K4_kappa_5_strong_seed1002.csv,WST,4,kappa_5,strong,1,WST_hetero,1,OCRP_MIN,SST_minus_DC,1,3,1-3,2,154,-12.470202926658143,4.692813483596943,2.657297795926889,TRUE,-0.0809753436795983,0.6883116883116883,2.7337662337662336,1.038961038961039,1.6948051948051948,2.7337662337662336,-0.6558441558441551
loo_pointwise_rep001_WST_hetero_WST_K4_kappa_5_strong_seed1002.csv,WST,4,kappa_5,strong,1,WST_hetero,1,OCRP_MIN,SST_minus_DC,2,2,2-2,0,28,-4.743312530502889,2.2915148869717807,2.0699461991150927,TRUE,-0.16940401894653176,0.32142857142857145,2.857142857142857,1.5,1.3571428571428572,2.857142857142857,0.1428571428571429
loo_pointwise_rep001_WST_hetero_WST_K4_kappa_5_strong_seed1002.csv,WST,4,kappa_5,strong,1,WST_hetero,1,OCRP_MIN,SST_minus_DC,2,4,2-4,2,88,-2.5210627414805944,1.3920279554779769,1.8110719196116603,FALSE,-0.028648440244097666,0.32954545454545453,3.6477272727272725,2.170454545454546,1.4772727272727275,3.6477272727272725,0.6931818181818175
loo_pointwise_rep001_WST_hetero_WST_K4_kappa_5_strong_seed1002.csv,WST,4,kappa_5,strong,1,WST_hetero,1,OCRP_MIN,SST_minus_DC,1,1,1-1,0,21,-1.540701756795194,1.1465048736266317,1.3438248648011728,FALSE,-0.07336675032358067,0.2857142857142857,2.5714285714285716,1.2380952380952381,1.3333333333333333,2.5714285714285716,-0.09523809523809518
loo_pointwise_rep001_WST_hetero_WST_K4_kappa_5_strong_seed1002.csv,WST,4,kappa_5,strong,1,WST_hetero,1,OCRP_MIN,SST_minus_DC,1,4,1-4,3,77,-0.4038405908199091,0.3146316252003725,1.2835346432918942,FALSE,-0.0052446829976611565,0.5064935064935064,5.142857142857143,3.4025974025974035,1.7402597402597402,5.142857142857143,1.662337662337662
loo_pointwise_rep001_WST_hetero_WST_K4_kappa_5_strong_seed1002.csv,WST,4,kappa_5,strong,1,WST_hetero,1,OCRP_MIN,SST_minus_DC,3,3,3-3,0,231,0.2858102763289861,0.16323475467172702,1.7509155872091355,FALSE,0.0012372739235021032,0.6103896103896104,0.8095238095238096,0.367965367965368,0.4415584415584413,0.8095238095238096,-0.07359307359307354
loo_pointwise_rep001_WST_hetero_WST_K4_kappa_5_strong_seed1002.csv,WST,4,kappa_5,strong,1,WST_hetero,1,OCRP_MIN,SST_minus_DC,4,4,4-4,0,55,0.1967654253064175,0.13149863642114692,1.4963305374227798,FALSE,0.003577553187389409,0.6363636363636364,2.4363636363636365,1.1454545454545455,1.290909090909091,2.4363636363636365,-0.14545454545454542
loo_pointwise_rep001_WST_hetero_WST_K4_kappa_5_strong_seed1002.csv,WST,4,kappa_5,strong,1,WST_hetero,1,OCRP_MIN,WST_minus_DC,1,2,1-2,1,56,-7.683691073849482,2.299006349665467,3.342179144032182,TRUE,-0.13720876917588362,0.017857142857142856,5.375,3.410714285714286,1.9642857142857142,5.375,1.4464285714285725
loo_pointwise_rep001_WST_hetero_WST_K4_kappa_5_strong_seed1002.csv,WST,4,kappa_5,strong,1,WST_hetero,1,OCRP_MIN,WST_minus_DC,1,4,1-4,3,77,-2.3310211104434093,1.9905024813357688,1.1710716928517106,FALSE,-0.030273001434330003,0.2077922077922078,5.142857142857143,3.4025974025974035,1.7402597402597402,5.142857142857143,1.662337662337662
loo_pointwise_rep001_WST_hetero_WST_K4_kappa_5_strong_seed1002.csv,WST,4,kappa_5,strong,1,WST_hetero,1,OCRP_MIN,WST_minus_DC,2,4,2-4,2,88,-1.3184695741180021,1.490390798482566,0.8846468828581037,FALSE,-0.014982608796795473,0.20454545454545456,3.6477272727272725,2.170454545454546,1.4772727272727275,3.6477272727272725,0.6931818181818175
loo_pointwise_rep001_WST_hetero_WST_K4_kappa_5_strong_seed1002.csv,WST,4,kappa_5,strong,1,WST_hetero,1,OCRP_MIN,WST_minus_DC,1,3,1-3,2,154,-1.0793299557562333,0.8973576020554802,1.202786885945947,FALSE,-0.007008636076339178,0.33766233766233766,2.7337662337662336,1.038961038961039,1.6948051948051948,2.7337662337662336,-0.6558441558441551
loo_pointwise_rep001_WST_hetero_WST_K4_kappa_5_strong_seed1002.csv,WST,4,kappa_5,strong,1,WST_hetero,1,OCRP_MIN,WST_minus_DC,3,4,3-4,1,242,-0.7208035478456959,0.3053951757222299,2.360232266737893,TRUE,-0.0029785270572136187,0.4256198347107438,6.867768595041323,3.6942148760330578,3.1735537190082646,6.867768595041323,0.5206611570247932
loo_pointwise_rep001_WST_hetero_WST_K4_kappa_5_strong_seed1002.csv,WST,4,kappa_5,strong,1,WST_hetero,1,OCRP_MIN,WST_minus_DC,2,3,2-3,1,176,-0.6783382840817562,0.6448951418206593,1.0518582636034142,FALSE,-0.003854194795919069,0.4602272727272727,8.710227272727273,3.528409090909091,5.1818181818181825,8.710227272727273,-1.6534090909090902
loo_pointwise_rep001_WST_hetero_WST_K4_kappa_5_strong_seed1002.csv,WST,4,kappa_5,strong,1,WST_hetero,1,OCRP_MIN,WST_minus_DC,2,2,2-2,0,28,0.17298284037000314,0.16636483572404093,1.0397800690101355,FALSE,0.006177958584642971,0.6071428571428571,2.857142857142857,1.5,1.3571428571428572,2.857142857142857,0.1428571428571429
loo_pointwise_rep001_WST_hetero_WST_K4_kappa_5_strong_seed1002.csv,WST,4,kappa_5,strong,1,WST_hetero,1,OCRP_MIN,WST_minus_DC,3,3,3-3,0,231,-0.15906370859307473,0.173579941614091,0.9163714834442722,FALSE,-6.885874830869036e-4,0.4588744588744589,0.8095238095238096,0.367965367965368,0.4415584415584413,0.8095238095238096,-0.07359307359307354
loo_pointwise_rep001_WST_hetero_WST_K4_kappa_5_strong_seed1002.csv,WST,4,kappa_5,strong,1,WST_hetero,1,OCRP_MIN,WST_minus_DC,4,4,4-4,0,55,-0.08933050164708697,0.12871479063443056,0.6940189329196758,FALSE,-0.001624190939037945,0.509090909090909,2.4363636363636365,1.1454545454545455,1.290909090909091,2.4363636363636365,-0.14545454545454542
loo_pointwise_rep001_WST_hetero_WST_K4_kappa_5_strong_seed1002.csv,WST,4,kappa_5,strong,1,WST_hetero,1,OCRP_MIN,WST_minus_DC,1,1,1-1,0,21,-0.07728353942218823,0.13527304694275802,0.5713151375594536,FALSE,-0.0036801685439137267,0.47619047619047616,2.5714285714285716,1.2380952380952381,1.3333333333333333,2.5714285714285716,-0.09523809523809518
loo_pointwise_rep001_WST_hetero_WST_K4_kappa_5_strong_seed1002.csv,WST,4,kappa_5,strong,1,WST_hetero,1,OCRP_MIN,WST_minus_SST,3,4,3-4,1,242,136.43429678658987,16.68291443356758,8.178085269805816,TRUE,0.5637780858949998,0.7024793388429752,6.867768595041323,3.6942148760330578,3.1735537190082646,6.867768595041323,0.5206611570247932
loo_pointwise_rep001_WST_hetero_WST_K4_kappa_5_strong_seed1002.csv,WST,4,kappa_5,strong,1,WST_hetero,1,OCRP_MIN,WST_minus_SST,2,3,2-3,1,176,87.07926165281188,8.663698854354688,10.051048993818927,TRUE,0.49476853211824945,0.8011363636363636,8.710227272727273,3.528409090909091,5.1818181818181825,8.710227272727273,-1.6534090909090902
loo_pointwise_rep001_WST_hetero_WST_K4_kappa_5_strong_seed1002.csv,WST,4,kappa_5,strong,1,WST_hetero,1,OCRP_MIN,WST_minus_SST,1,2,1-2,1,56,63.48165058053676,4.293390366575035,14.785902319704034,TRUE,1.1336009032238707,0.9821428571428571,5.375,3.410714285714286,1.9642857142857142,5.375,1.4464285714285725
loo_pointwise_rep001_WST_hetero_WST_K4_kappa_5_strong_seed1002.csv,WST,4,kappa_5,strong,1,WST_hetero,1,OCRP_MIN,WST_minus_SST,1,3,1-3,2,154,11.390872970901922,5.541919248600168,2.055402191899339,TRUE,0.0739667076032592,0.2987012987012987,2.7337662337662336,1.038961038961039,1.6948051948051948,2.7337662337662336,-0.6558441558441551
loo_pointwise_rep001_WST_hetero_WST_K4_kappa_5_strong_seed1002.csv,WST,4,kappa_5,strong,1,WST_hetero,1,OCRP_MIN,WST_minus_SST,2,2,2-2,0,28,4.916295370872884,2.204140124481151,2.2304822258204515,TRUE,0.17558197753117447,0.6428571428571429,2.857142857142857,1.5,1.3571428571428572,2.857142857142857,0.1428571428571429
loo_pointwise_rep001_WST_hetero_WST_K4_kappa_5_strong_seed1002.csv,WST,4,kappa_5,strong,1,WST_hetero,1,OCRP_MIN,WST_minus_SST,1,4,1-4,3,77,-1.927180519623497,2.0890048490643487,0.9225352064102045,FALSE,-0.025028318436668785,0.14285714285714285,5.142857142857143,3.4025974025974035,1.7402597402597402,5.142857142857143,1.662337662337662
loo_pointwise_rep001_WST_hetero_WST_K4_kappa_5_strong_seed1002.csv,WST,4,kappa_5,strong,1,WST_hetero,1,OCRP_MIN,WST_minus_SST,1,1,1-1,0,21,1.4634182173730046,1.0909984475963581,1.3413568283228505,FALSE,0.0696865817796669,0.6666666666666666,2.5714285714285716,1.2380952380952381,1.3333333333333333,2.5714285714285716,-0.09523809523809518
loo_pointwise_rep001_WST_hetero_WST_K4_kappa_5_strong_seed1002.csv,WST,4,kappa_5,strong,1,WST_hetero,1,OCRP_MIN,WST_minus_SST,2,4,2-4,2,88,1.2025931673625976,0.8066012496578306,1.4909388844522014,FALSE,0.013665831447302242,0.5113636363636364,3.6477272727272725,2.170454545454546,1.4772727272727275,3.6477272727272725,0.6931818181818175
loo_pointwise_rep001_WST_hetero_WST_K4_kappa_5_strong_seed1002.csv,WST,4,kappa_5,strong,1,WST_hetero,1,OCRP_MIN,WST_minus_SST,3,3,3-3,0,231,-0.4448739849220607,0.16182501945378644,2.749105091559137,TRUE,-0.001925861406589007,0.42424242424242425,0.8095238095238096,0.367965367965368,0.4415584415584413,0.8095238095238096,-0.07359307359307354
loo_pointwise_rep001_WST_hetero_WST_K4_kappa_5_strong_seed1002.csv,WST,4,kappa_5,strong,1,WST_hetero,1,OCRP_MIN,WST_minus_SST,4,4,4-4,0,55,-0.28609592695350455,0.06219720833461641,4.599819422992902,TRUE,-0.005201744126427355,0.18181818181818182,2.4363636363636365,1.1454545454545455,1.290909090909091,2.4363636363636365,-0.14545454545454542
loo_pointwise_rep002_SST_clean_SST_K4_kappa_5_strong_seed1003.csv,SST,4,kappa_5,strong,2,SST_clean,1,OCRP_MIN,SST_minus_DC,1,3,1-3,2,154,0.5838247008150733,0.37739381827189583,1.5469906303405665,FALSE,0.0037910694858121624,0.4155844155844156,2.792207792207792,1.0194805194805194,1.7727272727272725,2.792207792207792,-0.7532467532467533
loo_pointwise_rep002_SST_clean_SST_K4_kappa_5_strong_seed1003.csv,SST,4,kappa_5,strong,2,SST_clean,1,OCRP_MIN,SST_minus_DC,1,2,1-2,1,56,0.5591864494658269,0.17960638631752776,3.113399589685169,TRUE,0.009985472311889764,0.7678571428571429,5.821428571428571,3.1071428571428568,2.7142857142857144,5.821428571428571,0.39285714285714307
loo_pointwise_rep002_SST_clean_SST_K4_kappa_5_strong_seed1003.csv,SST,4,kappa_5,strong,2,SST_clean,1,OCRP_MIN,SST_minus_DC,3,4,3-4,1,242,-0.4836192395332249,0.939906232546391,0.5145398793909528,FALSE,-0.001998426609641426,0.5041322314049587,7.3429752066115705,4.400826446280991,2.9421487603305776,7.3429752066115705,1.4586776859504118
loo_pointwise_rep002_SST_clean_SST_K4_kappa_5_strong_seed1003.csv,SST,4,kappa_5,strong,2,SST_clean,1,OCRP_MIN,SST_minus_DC,2,3,2-3,1,176,-0.4392696951419794,0.7941663231187667,0.5531205269658446,FALSE,-0.002495850540579429,0.4602272727272727,9.164772727272727,3.8295454545454546,5.3352272727272725,9.164772727272727,-1.505681818181818
loo_pointwise_rep002_SST_clean_SST_K4_kappa_5_strong_seed1003.csv,SST,4,kappa_5,strong,2,SST_clean,1,OCRP_MIN,SST_minus_DC,2,4,2-4,2,88,0.31501953474475564,0.2820953035486346,1.1167131490030098,FALSE,0.0035797674402813133,0.5340909090909091,3.375,2.0454545454545454,1.3295454545454544,3.375,0.7159090909090914
loo_pointwise_rep002_SST_clean_SST_K4_kappa_5_strong_seed1003.csv,SST,4,kappa_5,strong,2,SST_clean,1,OCRP_MIN,SST_minus_DC,3,3,3-3,0,231,0.2115503099062641,0.09544157289159066,2.216542576750679,TRUE,9.158022073864249e-4,0.5411255411255411,0.7748917748917749,0.3896103896103897,0.3852813852813852,0.7748917748917749,0.004329004329004377
loo_pointwise_rep002_SST_clean_SST_K4_kappa_5_strong_seed1003.csv,SST,4,kappa_5,strong,2,SST_clean,1,OCRP_MIN,SST_minus_DC,1,4,1-4,3,77,0.0880710681707336,0.5873619095978397,0.14994344497251258,FALSE,0.0011437801061134258,0.2597402597402597,5.376623376623376,3.4675324675324672,1.909090909090909,5.376623376623376,1.5584415584415587
loo_pointwise_rep002_SST_clean_SST_K4_kappa_5_strong_seed1003.csv,SST,4,kappa_5,strong,2,SST_clean,1,OCRP_MIN,SST_minus_DC,4,4,4-4,0,55,-0.05756794179633115,0.11839171829701545,0.48624973625188433,FALSE,-0.0010466898508423846,0.4909090909090909,2.036363636363636,0.9272727272727271,1.1090909090909091,2.036363636363636,-0.18181818181818188
loo_pointwise_rep002_SST_clean_SST_K4_kappa_5_strong_seed1003.csv,SST,4,kappa_5,strong,2,SST_clean,1,OCRP_MIN,SST_minus_DC,2,2,2-2,0,28,-0.04034696510022867,0.04650709965121986,0.8675442115894318,FALSE,-0.0014409630392938813,0.2857142857142857,2.0357142857142856,0.9285714285714285,1.1071428571428572,2.0357142857142856,-0.17857142857142863
loo_pointwise_rep002_SST_clean_SST_K4_kappa_5_strong_seed1003.csv,SST,4,kappa_5,strong,2,SST_clean,1,OCRP_MIN,SST_minus_DC,1,1,1-1,0,21,-0.0060801477649060146,0.25320824842855216,0.024012439573514333,FALSE,-2.895308459479058e-4,0.5714285714285714,1.7142857142857142,0.9523809523809523,0.7619047619047619,1.7142857142857142,0.19047619047619038
loo_pointwise_rep002_SST_clean_SST_K4_kappa_5_strong_seed1003.csv,SST,4,kappa_5,strong,2,SST_clean,1,OCRP_MIN,WST_minus_DC,2,3,2-3,1,176,-1.147982619524546,0.43923615276513833,2.6135886408657663,TRUE,-0.006522628520025828,0.38636363636363635,9.164772727272727,3.8295454545454546,5.3352272727272725,9.164772727272727,-1.505681818181818
loo_pointwise_rep002_SST_clean_SST_K4_kappa_5_strong_seed1003.csv,SST,4,kappa_5,strong,2,SST_clean,1,OCRP_MIN,WST_minus_DC,1,4,1-4,3,77,-1.0784076079097604,1.3928306386332059,0.7742560925914217,FALSE,-0.01400529360921767,0.23376623376623376,5.376623376623376,3.4675324675324672,1.909090909090909,5.376623376623376,1.5584415584415587
loo_pointwise_rep002_SST_clean_SST_K4_kappa_5_strong_seed1003.csv,SST,4,kappa_5,strong,2,SST_clean,1,OCRP_MIN,WST_minus_DC,3,4,3-4,1,242,-1.0017519498305527,0.5000840623719254,2.0031671177025516,TRUE,-0.004139470867068399,0.4297520661157025,7.3429752066115705,4.400826446280991,2.9421487603305776,7.3429752066115705,1.4586776859504118
loo_pointwise_rep002_SST_clean_SST_K4_kappa_5_strong_seed1003.csv,SST,4,kappa_5,strong,2,SST_clean,1,OCRP_MIN,WST_minus_DC,1,3,1-3,2,154,-0.9297340672266434,1.205591651563293,0.7711848916845563,FALSE,-0.00603723420277041,0.4025974025974026,2.792207792207792,1.0194805194805194,1.7727272727272725,2.792207792207792,-0.7532467532467533
loo_pointwise_rep002_SST_clean_SST_K4_kappa_5_strong_seed1003.csv,SST,4,kappa_5,strong,2,SST_clean,1,OCRP_MIN,WST_minus_DC,2,4,2-4,2,88,-0.3973613442713311,0.6687304042602596,0.5942025990442094,FALSE,-0.004515469821265128,0.4090909090909091,3.375,2.0454545454545454,1.3295454545454544,3.375,0.7159090909090914
loo_pointwise_rep002_SST_clean_SST_K4_kappa_5_strong_seed1003.csv,SST,4,kappa_5,strong,2,SST_clean,1,OCRP_MIN,WST_minus_DC,1,2,1-2,1,56,-0.378784312588441,0.35835439773762623,1.0570103645435733,FALSE,-0.006764005581936446,0.48214285714285715,5.821428571428571,3.1071428571428568,2.7142857142857144,5.821428571428571,0.39285714285714307
loo_pointwise_rep002_SST_clean_SST_K4_kappa_5_strong_seed1003.csv,SST,4,kappa_5,strong,2,SST_clean,1,OCRP_MIN,WST_minus_DC,2,2,2-2,0,28,-0.24684721066296433,0.06153429171563751,4.0115389936345665,TRUE,-0.008815971809391584,0.14285714285714285,2.0357142857142856,0.9285714285714285,1.1071428571428572,2.0357142857142856,-0.17857142857142863
loo_pointwise_rep002_SST_clean_SST_K4_kappa_5_strong_seed1003.csv,SST,4,kappa_5,strong,2,SST_clean,1,OCRP_MIN,WST_minus_DC,3,3,3-3,0,231,-0.1828322104179751,0.29142522343752536,0.6273726352899922,FALSE,-7.914814303808448e-4,0.46320346320346323,0.7748917748917749,0.3896103896103897,0.3852813852813852,0.7748917748917749,0.004329004329004377
loo_pointwise_rep002_SST_clean_SST_K4_kappa_5_strong_seed1003.csv,SST,4,kappa_5,strong,2,SST_clean,1,OCRP_MIN,WST_minus_DC,4,4,4-4,0,55,-0.14776751974623087,0.2547721566376089,0.5799987003933764,FALSE,-0.002686682177204198,0.5272727272727272,2.036363636363636,0.9272727272727271,1.1090909090909091,2.036363636363636,-0.18181818181818188
loo_pointwise_rep002_SST_clean_SST_K4_kappa_5_strong_seed1003.csv,SST,4,kappa_5,strong,2,SST_clean,1,OCRP_MIN,WST_minus_DC,1,1,1-1,0,21,0.013153814409063781,0.10035725571490751,0.13106988942016132,FALSE,6.263721147173224e-4,0.5714285714285714,1.7142857142857142,0.9523809523809523,0.7619047619047619,1.7142857142857142,0.19047619047619038
loo_pointwise_rep002_SST_clean_SST_K4_kappa_5_strong_seed1003.csv,SST,4,kappa_5,strong,2,SST_clean,1,OCRP_MIN,WST_minus_SST,1,3,1-3,2,154,-1.5135587680417144,0.8906933303503904,1.6993040325633677,FALSE,-0.009828303688582559,0.38311688311688313,2.792207792207792,1.0194805194805194,1.7727272727272725,2.792207792207792,-0.7532467532467533
loo_pointwise_rep002_SST_clean_SST_K4_kappa_5_strong_seed1003.csv,SST,4,kappa_5,strong,2,SST_clean,1,OCRP_MIN,WST_minus_SST,1,4,1-4,3,77,-1.166478676080498,0.840084303656643,1.3885257360519117,FALSE,-0.015149073715331144,0.2727272727272727,5.376623376623376,3.4675324675324672,1.909090909090909,5.376623376623376,1.5584415584415587
loo_pointwise_rep002_SST_clean_SST_K4_kappa_5_strong_seed1003.csv,SST,4,kappa_5,strong,2,SST_clean,1,OCRP_MIN,WST_minus_SST,1,2,1-2,1,56,-0.9379707620542683,0.3398255288767992,2.7601539094325123,TRUE,-0.016749477893826224,0.375,5.821428571428571,3.1071428571428568,2.7142857142857144,5.821428571428571,0.39285714285714307
loo_pointwise_rep002_SST_clean_SST_K4_kappa_5_strong_seed1003.csv,SST,4,kappa_5,strong,2,SST_clean,1,OCRP_MIN,WST_minus_SST,2,4,2-4,2,88,-0.7123808790160859,0.9334671250270369,0.7631558304696082,FALSE,-0.00809523726154643,0.42045454545454547,3.375,2.0454545454545454,1.3295454545454544,3.375,0.7159090909090914
loo_pointwise_rep002_SST_clean_SST_K4_kappa_5_strong_seed1003.csv,SST,4,kappa_5,strong,2,SST_clean,1,OCRP_MIN,WST_minus_SST,2,3,2-3,1,176,-0.7087129243825652,0.619578816363278,1.1438624201880798,FALSE,-0.004026777979446392,0.4772727272727273,9.164772727272727,3.8295454545454546,5.3352272727272725,9.164772727272727,-1.505681818181818
loo_pointwise_rep002_SST_clean_SST_K4_kappa_5_strong_seed1003.csv,SST,4,kappa_5,strong,2,SST_clean,1,OCRP_MIN,WST_minus_SST,3,4,3-4,1,242,-0.5181327102973272,1.1820876236582665,0.4383200533762765,FALSE,-0.0021410442574269716,0.47520661157024796,7.3429752066115705,4.400826446280991,2.9421487603305776,7.3429752066115705,1.4586776859504118
loo_pointwise_rep002_SST_clean_SST_K4_kappa_5_strong_seed1003.csv,SST,4,kappa_5,strong,2,SST_clean,1,OCRP_MIN,WST_minus_SST,3,3,3-3,0,231,-0.39438252032424037,0.27574189123870974,1.4302597206125036,FALSE,-0.0017072836377672736,0.43722943722943725,0.7748917748917749,0.3896103896103897,0.3852813852813852,0.7748917748917749,0.004329004329004377
loo_pointwise_rep002_SST_clean_SST_K4_kappa_5_strong_seed1003.csv,SST,4,kappa_5,strong,2,SST_clean,1,OCRP_MIN,WST_minus_SST,2,2,2-2,0,28,-0.20650024556273563,0.04960877608016865,4.162574888544471,TRUE,-0.007375008770097701,0.21428571428571427,2.0357142857142856,0.9285714285714285,1.1071428571428572,2.0357142857142856,-0.17857142857142863
loo_pointwise_rep002_SST_clean_SST_K4_kappa_5_strong_seed1003.csv,SST,4,kappa_5,strong,2,SST_clean,1,OCRP_MIN,WST_minus_SST,4,4,4-4,0,55,-0.09019957794989958,0.15887530673459233,0.5677381828793675,FALSE,-0.0016399923263618122,0.4909090909090909,2.036363636363636,0.9272727272727271,1.1090909090909091,2.036363636363636,-0.18181818181818188
loo_pointwise_rep002_SST_clean_SST_K4_kappa_5_strong_seed1003.csv,SST,4,kappa_5,strong,2,SST_clean,1,OCRP_MIN,WST_minus_SST,1,1,1-1,0,21,0.019233962173969752,0.166431709153252,0.11556669262020812,FALSE,9.159029606652273e-4,0.47619047619047616,1.7142857142857142,0.9523809523809523,0.7619047619047619,1.7142857142857142,0.19047619047619038
loo_pointwise_rep002_WST_hetero_WST_K4_kappa_5_strong_seed1004.csv,WST,4,kappa_5,strong,2,WST_hetero,1,OCRP_MIN,SST_minus_DC,3,4,3-4,1,242,-128.06972565786077,15.977551633097587,8.015603929738749,TRUE,-0.5292137423878545,0.2975206611570248,6.867768595041323,3.6942148760330578,3.1735537190082646,6.867768595041323,0.5206611570247932
loo_pointwise_rep002_WST_hetero_WST_K4_kappa_5_strong_seed1004.csv,WST,4,kappa_5,strong,2,WST_hetero,1,OCRP_MIN,SST_minus_DC,2,3,2-3,1,176,-88.69061605792457,8.992845963495594,9.862352409675857,TRUE,-0.5039239548745712,0.19318181818181818,8.710227272727273,3.528409090909091,5.1818181818181825,8.710227272727273,-1.6534090909090902
loo_pointwise_rep002_WST_hetero_WST_K4_kappa_5_strong_seed1004.csv,WST,4,kappa_5,strong,2,WST_hetero,1,OCRP_MIN,SST_minus_DC,1,2,1-2,1,56,-71.7383997113611,6.011950062100362,11.932633999008676,TRUE,-1.281042851988591,0.017857142857142856,5.375,3.410714285714286,1.9642857142857142,5.375,1.4464285714285725
loo_pointwise_rep002_WST_hetero_WST_K4_kappa_5_strong_seed1004.csv,WST,4,kappa_5,strong,2,WST_hetero,1,OCRP_MIN,SST_minus_DC,1,3,1-3,2,154,-13.332126094600088,4.959502678067086,2.688198184378468,TRUE,-0.08657224736753302,0.7012987012987013,2.7337662337662336,1.038961038961039,1.6948051948051948,2.7337662337662336,-0.6558441558441551
loo_pointwise_rep002_WST_hetero_WST_K4_kappa_5_strong_seed1004.csv,WST,4,kappa_5,strong,2,WST_hetero,1,OCRP_MIN,SST_minus_DC,2,2,2-2,0,28,-5.28607918128808,2.430670226562776,2.174741404046057,TRUE,-0.18878854218885996,0.32142857142857145,2.857142857142857,1.5,1.3571428571428572,2.857142857142857,0.1428571428571429
loo_pointwise_rep002_WST_hetero_WST_K4_kappa_5_strong_seed1004.csv,WST,4,kappa_5,strong,2,WST_hetero,1,OCRP_MIN,SST_minus_DC,2,4,2-4,2,88,-2.7783815998640407,1.5552690161868377,1.7864315246734574,FALSE,-0.03157251818027319,0.32954545454545453,3.6477272727272725,2.170454545454546,1.4772727272727275,3.6477272727272725,0.6931818181818175
loo_pointwise_rep002_WST_hetero_WST_K4_kappa_5_strong_seed1004.csv,WST,4,kappa_5,strong,2,WST_hetero,1,OCRP_MIN,SST_minus_DC,1,1,1-1,0,21,-1.739022608857852,1.1130402644338417,1.5624076364770343,FALSE,-0.08281060042180247,0.3333333333333333,2.5714285714285716,1.2380952380952381,1.3333333333333333,2.5714285714285716,-0.09523809523809518
loo_pointwise_rep002_WST_hetero_WST_K4_kappa_5_strong_seed1004.csv,WST,4,kappa_5,strong,2,WST_hetero,1,OCRP_MIN,SST_minus_DC,1,4,1-4,3,77,-0.8071761328008328,0.2794284716108264,2.8886681738181146,TRUE,-0.010482806919491336,0.37662337662337664,5.142857142857143,3.4025974025974035,1.7402597402597402,5.142857142857143,1.662337662337662
loo_pointwise_rep002_WST_hetero_WST_K4_kappa_5_strong_seed1004.csv,WST,4,kappa_5,strong,2,WST_hetero,1,OCRP_MIN,SST_minus_DC,3,3,3-3,0,231,-0.30988754157706777,0.12974418855155548,2.388450265376858,TRUE,-0.001341504508991635,0.3939393939393939,0.8095238095238096,0.367965367965368,0.4415584415584413,0.8095238095238096,-0.07359307359307354
loo_pointwise_rep002_WST_hetero_WST_K4_kappa_5_strong_seed1004.csv,WST,4,kappa_5,strong,2,WST_hetero,1,OCRP_MIN,SST_minus_DC,4,4,4-4,0,55,-0.08762056706251638,0.08899623668596944,0.9845423843223031,FALSE,-0.0015931012193184796,0.43636363636363634,2.4363636363636365,1.1454545454545455,1.290909090909091,2.4363636363636365,-0.14545454545454542
loo_pointwise_rep002_WST_hetero_WST_K4_kappa_5_strong_seed1004.csv,WST,4,kappa_5,strong,2,WST_hetero,1,OCRP_MIN,WST_minus_DC,1,2,1-2,1,56,-7.896107558356343,2.4066048471376984,3.281015397167341,TRUE,-0.1410019206849347,0.017857142857142856,5.375,3.410714285714286,1.9642857142857142,5.375,1.4464285714285725
loo_pointwise_rep002_WST_hetero_WST_K4_kappa_5_strong_seed1004.csv,WST,4,kappa_5,strong,2,WST_hetero,1,OCRP_MIN,WST_minus_DC,1,4,1-4,3,77,-2.8908220573881698,2.1596904323976873,1.3385353817485688,FALSE,-0.037543143602443756,0.14285714285714285,5.142857142857143,3.4025974025974035,1.7402597402597402,5.142857142857143,1.662337662337662
loo_pointwise_rep002_WST_hetero_WST_K4_kappa_5_strong_seed1004.csv,WST,4,kappa_5,strong,2,WST_hetero,1,OCRP_MIN,WST_minus_DC,2,4,2-4,2,88,-1.1191774838978816,1.435034261362972,0.779896002507219,FALSE,-0.012717925953385016,0.20454545454545456,3.6477272727272725,2.170454545454546,1.4772727272727275,3.6477272727272725,0.6931818181818175
loo_pointwise_rep002_WST_hetero_WST_K4_kappa_5_strong_seed1004.csv,WST,4,kappa_5,strong,2,WST_hetero,1,OCRP_MIN,WST_minus_DC,3,3,3-3,0,231,-0.5893734968470519,0.2078494322530334,2.835579055753954,TRUE,-0.0025514004192513057,0.4805194805194805,0.8095238095238096,0.367965367965368,0.4415584415584413,0.8095238095238096,-0.07359307359307354
loo_pointwise_rep002_WST_hetero_WST_K4_kappa_5_strong_seed1004.csv,WST,4,kappa_5,strong,2,WST_hetero,1,OCRP_MIN,WST_minus_DC,1,3,1-3,2,154,-0.5836646044759689,0.9317212889793155,0.6264369091698692,FALSE,-0.003790029899194601,0.37012987012987014,2.7337662337662336,1.038961038961039,1.6948051948051948,2.7337662337662336,-0.6558441558441551
loo_pointwise_rep002_WST_hetero_WST_K4_kappa_5_strong_seed1004.csv,WST,4,kappa_5,strong,2,WST_hetero,1,OCRP_MIN,WST_minus_DC,1,1,1-1,0,21,-0.34106391907714917,0.22005876103696057,1.5498765760108268,FALSE,-0.01624113900367377,0.3333333333333333,2.5714285714285716,1.2380952380952381,1.3333333333333333,2.5714285714285716,-0.09523809523809518
loo_pointwise_rep002_WST_hetero_WST_K4_kappa_5_strong_seed1004.csv,WST,4,kappa_5,strong,2,WST_hetero,1,OCRP_MIN,WST_minus_DC,3,4,3-4,1,242,-0.1449031536119999,0.32898615231549716,0.4404536561558312,FALSE,-5.987733620330566e-4,0.45867768595041325,6.867768595041323,3.6942148760330578,3.1735537190082646,6.867768595041323,0.5206611570247932
loo_pointwise_rep002_WST_hetero_WST_K4_kappa_5_strong_seed1004.csv,WST,4,kappa_5,strong,2,WST_hetero,1,OCRP_MIN,WST_minus_DC,2,3,2-3,1,176,0.12131835774132048,0.5405681144670715,0.22442751337807687,FALSE,6.893088508029558e-4,0.5,8.710227272727273,3.528409090909091,5.1818181818181825,8.710227272727273,-1.6534090909090902
loo_pointwise_rep002_WST_hetero_WST_K4_kappa_5_strong_seed1004.csv,WST,4,kappa_5,strong,2,WST_hetero,1,OCRP_MIN,WST_minus_DC,4,4,4-4,0,55,0.12075788654471634,0.1993055817555914,0.6058931490077475,FALSE,0.0021955979371766606,0.6181818181818182,2.4363636363636365,1.1454545454545455,1.290909090909091,2.4363636363636365,-0.14545454545454542
loo_pointwise_rep002_WST_hetero_WST_K4_kappa_5_strong_seed1004.csv,WST,4,kappa_5,strong,2,WST_hetero,1,OCRP_MIN,WST_minus_DC,2,2,2-2,0,28,-0.02793291857858462,0.16252825557522982,0.17186499959482582,FALSE,-9.976042349494516e-4,0.5,2.857142857142857,1.5,1.3571428571428572,2.857142857142857,0.1428571428571429
loo_pointwise_rep002_WST_hetero_WST_K4_kappa_5_strong_seed1004.csv,WST,4,kappa_5,strong,2,WST_hetero,1,OCRP_MIN,WST_minus_SST,3,4,3-4,1,242,127.92482250424877,16.026583745594344,7.982039375011214,TRUE,0.5286149690258213,0.7024793388429752,6.867768595041323,3.6942148760330578,3.1735537190082646,6.867768595041323,0.5206611570247932
loo_pointwise_rep002_WST_hetero_WST_K4_kappa_5_strong_seed1004.csv,WST,4,kappa_5,strong,2,WST_hetero,1,OCRP_MIN,WST_minus_SST,2,3,2-3,1,176,88.81193441566583,8.584724959721042,10.345344181947064,TRUE,0.5046132637253741,0.8238636363636364,8.710227272727273,3.528409090909091,5.1818181818181825,8.710227272727273,-1.6534090909090902
loo_pointwise_rep002_WST_hetero_WST_K4_kappa_5_strong_seed1004.csv,WST,4,kappa_5,strong,2,WST_hetero,1,OCRP_MIN,WST_minus_SST,1,2,1-2,1,56,63.84229215300476,4.407101961266447,14.48622988850903,TRUE,1.1400409313036564,0.9821428571428571,5.375,3.410714285714286,1.9642857142857142,5.375,1.4464285714285725
loo_pointwise_rep002_WST_hetero_WST_K4_kappa_5_strong_seed1004.csv,WST,4,kappa_5,strong,2,WST_hetero,1,OCRP_MIN,WST_minus_SST,1,3,1-3,2,154,12.748461490124116,5.799550627909282,2.1981809122890428,TRUE,0.08278221746833844,0.3116883116883117,2.7337662337662336,1.038961038961039,1.6948051948051948,2.7337662337662336,-0.6558441558441551
loo_pointwise_rep002_WST_hetero_WST_K4_kappa_5_strong_seed1004.csv,WST,4,kappa_5,strong,2,WST_hetero,1,OCRP_MIN,WST_minus_SST,2,2,2-2,0,28,5.258146262709502,2.3612423650829153,2.226855802887842,TRUE,0.18779093795391075,0.7142857142857143,2.857142857142857,1.5,1.3571428571428572,2.857142857142857,0.1428571428571429
loo_pointwise_rep002_WST_hetero_WST_K4_kappa_5_strong_seed1004.csv,WST,4,kappa_5,strong,2,WST_hetero,1,OCRP_MIN,WST_minus_SST,1,4,1-4,3,77,-2.083645924587337,2.347859634637021,0.887466138881624,FALSE,-0.027060336682952425,0.14285714285714285,5.142857142857143,3.4025974025974035,1.7402597402597402,5.142857142857143,1.662337662337662
loo_pointwise_rep002_WST_hetero_WST_K4_kappa_5_strong_seed1004.csv,WST,4,kappa_5,strong,2,WST_hetero,1,OCRP_MIN,WST_minus_SST,2,4,2-4,2,88,1.6592041159661588,1.0271068078296006,1.615415362178599,FALSE,0.018854592226888168,0.5568181818181818,3.6477272727272725,2.170454545454546,1.4772727272727275,3.6477272727272725,0.6931818181818175
loo_pointwise_rep002_WST_hetero_WST_K4_kappa_5_strong_seed1004.csv,WST,4,kappa_5,strong,2,WST_hetero,1,OCRP_MIN,WST_minus_SST,1,1,1-1,0,21,1.3979586897807115,1.0430440096949305,1.3402681735256659,FALSE,0.06656946141812911,0.7142857142857143,2.5714285714285716,1.2380952380952381,1.3333333333333333,2.5714285714285716,-0.09523809523809518
loo_pointwise_rep002_WST_hetero_WST_K4_kappa_5_strong_seed1004.csv,WST,4,kappa_5,strong,2,WST_hetero,1,OCRP_MIN,WST_minus_SST,3,3,3-3,0,231,-0.2794859552699842,0.17997708089967204,1.552897479350625,FALSE,-0.0012098959102596722,0.47186147186147187,0.8095238095238096,0.367965367965368,0.4415584415584413,0.8095238095238096,-0.07359307359307354
loo_pointwise_rep002_WST_hetero_WST_K4_kappa_5_strong_seed1004.csv,WST,4,kappa_5,strong,2,WST_hetero,1,OCRP_MIN,WST_minus_SST,4,4,4-4,0,55,0.20837845360723234,0.13149285620545692,1.5847131138564825,FALSE,0.0037886991564951345,0.6727272727272727,2.4363636363636365,1.1454545454545455,1.290909090909091,2.4363636363636365,-0.14545454545454542
loo_pointwise_rep003_SST_clean_SST_K4_kappa_5_strong_seed1005.csv,SST,4,kappa_5,strong,3,SST_clean,1,OCRP_MIN,SST_minus_DC,2,3,2-3,1,176,1.080786238968341,0.7553560694394723,1.4308301510972976,FALSE,0.00614083090322921,0.5511363636363636,9.164772727272727,3.8295454545454546,5.3352272727272725,9.164772727272727,-1.505681818181818
loo_pointwise_rep003_SST_clean_SST_K4_kappa_5_strong_seed1005.csv,SST,4,kappa_5,strong,3,SST_clean,1,OCRP_MIN,SST_minus_DC,1,2,1-2,1,56,1.033770916771134,0.17587215971935768,5.8779679422868325,TRUE,0.018460194942341683,0.8928571428571429,5.821428571428571,3.1071428571428568,2.7142857142857144,5.821428571428571,0.39285714285714307
loo_pointwise_rep003_SST_clean_SST_K4_kappa_5_strong_seed1005.csv,SST,4,kappa_5,strong,3,SST_clean,1,OCRP_MIN,SST_minus_DC,3,4,3-4,1,242,-0.4221844212331821,0.8714794781486056,0.4844456258798911,FALSE,-0.0017445637241040599,0.5165289256198347,7.3429752066115705,4.400826446280991,2.9421487603305776,7.3429752066115705,1.4586776859504118
loo_pointwise_rep003_SST_clean_SST_K4_kappa_5_strong_seed1005.csv,SST,4,kappa_5,strong,3,SST_clean,1,OCRP_MIN,SST_minus_DC,2,4,2-4,2,88,0.4063624868154931,0.23239274293668738,1.7486023086624598,FALSE,0.004617755531994238,0.5681818181818182,3.375,2.0454545454545454,1.3295454545454544,3.375,0.7159090909090914
loo_pointwise_rep003_SST_clean_SST_K4_kappa_5_strong_seed1005.csv,SST,4,kappa_5,strong,3,SST_clean,1,OCRP_MIN,SST_minus_DC,1,4,1-4,3,77,-0.19643269906045854,0.6199319880198126,0.3168616926639067,FALSE,-0.002551074013772187,0.3116883116883117,5.376623376623376,3.4675324675324672,1.909090909090909,5.376623376623376,1.5584415584415587
loo_pointwise_rep003_SST_clean_SST_K4_kappa_5_strong_seed1005.csv,SST,4,kappa_5,strong,3,SST_clean,1,OCRP_MIN,SST_minus_DC,3,3,3-3,0,231,-0.16780472085916034,0.11261626824076722,1.490057551013885,FALSE,-7.264273630266683e-4,0.42857142857142855,0.7748917748917749,0.3896103896103897,0.3852813852813852,0.7748917748917749,0.004329004329004377
loo_pointwise_rep003_SST_clean_SST_K4_kappa_5_strong_seed1005.csv,SST,4,kappa_5,strong,3,SST_clean,1,OCRP_MIN,SST_minus_DC,2,2,2-2,0,28,-0.09286250140504053,0.17390272820323774,0.5339910556004239,FALSE,-0.0033165179073228767,0.5357142857142857,2.0357142857142856,0.9285714285714285,1.1071428571428572,2.0357142857142856,-0.17857142857142863
loo_pointwise_rep003_SST_clean_SST_K4_kappa_5_strong_seed1005.csv,SST,4,kappa_5,strong,3,SST_clean,1,OCRP_MIN,SST_minus_DC,1,1,1-1,0,21,-0.040961326633145737,0.12156207588178775,0.33695810421153316,FALSE,-0.0019505393634831301,0.47619047619047616,1.7142857142857142,0.9523809523809523,0.7619047619047619,1.7142857142857142,0.19047619047619038
loo_pointwise_rep003_SST_clean_SST_K4_kappa_5_strong_seed1005.csv,SST,4,kappa_5,strong,3,SST_clean,1,OCRP_MIN,SST_minus_DC,1,3,1-3,2,154,0.026721515823882033,0.4102211277782713,0.06513929686801818,FALSE,1.7351633651871442e-4,0.3961038961038961,2.792207792207792,1.0194805194805194,1.7727272727272725,2.792207792207792,-0.7532467532467533
loo_pointwise_rep003_SST_clean_SST_K4_kappa_5_strong_seed1005.csv,SST,4,kappa_5,strong,3,SST_clean,1,OCRP_MIN,SST_minus_DC,4,4,4-4,0,55,0.016043514303100366,0.1029691111691549,0.1558090005918815,FALSE,2.917002600563696e-4,0.6181818181818182,2.036363636363636,0.9272727272727271,1.1090909090909091,2.036363636363636,-0.18181818181818188
loo_pointwise_rep003_SST_clean_SST_K4_kappa_5_strong_seed1005.csv,SST,4,kappa_5,strong,3,SST_clean,1,OCRP_MIN,WST_minus_DC,1,4,1-4,3,77,-1.6520542058529109,1.5181922762887605,1.0881719210766752,FALSE,-0.02145524942666119,0.24675324675324675,5.376623376623376,3.4675324675324672,1.909090909090909,5.376623376623376,1.5584415584415587
loo_pointwise_rep003_SST_clean_SST_K4_kappa_5_strong_seed1005.csv,SST,4,kappa_5,strong,3,SST_clean,1,OCRP_MIN,WST_minus_DC,1,3,1-3,2,154,-1.085762282479989,1.0111937750628461,1.0737430443660598,FALSE,-0.007050404431688239,0.34415584415584416,2.792207792207792,1.0194805194805194,1.7727272727272725,2.792207792207792,-0.7532467532467533
loo_pointwise_rep003_SST_clean_SST_K4_kappa_5_strong_seed1005.csv,SST,4,kappa_5,strong,3,SST_clean,1,OCRP_MIN,WST_minus_DC,3,4,3-4,1,242,-0.7445912274484158,0.547759221536401,1.3593403783507723,FALSE,-0.0030768232539190752,0.4628099173553719,7.3429752066115705,4.400826446280991,2.9421487603305776,7.3429752066115705,1.4586776859504118
loo_pointwise_rep003_SST_clean_SST_K4_kappa_5_strong_seed1005.csv,SST,4,kappa_5,strong,3,SST_clean,1,OCRP_MIN,WST_minus_DC,2,4,2-4,2,88,-0.6328121343616997,0.8274386881748255,0.7647843198600788,FALSE,-0.007191046981382948,0.42045454545454547,3.375,2.0454545454545454,1.3295454545454544,3.375,0.7159090909090914
loo_pointwise_rep003_SST_clean_SST_K4_kappa_5_strong_seed1005.csv,SST,4,kappa_5,strong,3,SST_clean,1,OCRP_MIN,WST_minus_DC,4,4,4-4,0,55,-0.17619667726362032,0.10533047904264677,1.6727985941493806,FALSE,-0.003203575950247641,0.4727272727272727,2.036363636363636,0.9272727272727271,1.1090909090909091,2.036363636363636,-0.18181818181818188
loo_pointwise_rep003_SST_clean_SST_K4_kappa_5_strong_seed1005.csv,SST,4,kappa_5,strong,3,SST_clean,1,OCRP_MIN,WST_minus_DC,2,2,2-2,0,28,-0.17171313577476105,0.3147946643565374,0.5454766399098754,FALSE,-0.006132611991955754,0.4642857142857143,2.0357142857142856,0.9285714285714285,1.1071428571428572,2.0357142857142856,-0.17857142857142863
loo_pointwise_rep003_SST_clean_SST_K4_kappa_5_strong_seed1005.csv,SST,4,kappa_5,strong,3,SST_clean,1,OCRP_MIN,WST_minus_DC,2,3,2-3,1,176,-0.08390946440644846,0.3838161523775142,0.21861889836235116,FALSE,-4.7675832049118554e-4,0.4772727272727273,9.164772727272727,3.8295454545454546,5.3352272727272725,9.164772727272727,-1.505681818181818
loo_pointwise_rep003_SST_clean_SST_K4_kappa_5_strong_seed1005.csv,SST,4,kappa_5,strong,3,SST_clean,1,OCRP_MIN,WST_minus_DC,1,2,1-2,1,56,-0.07980034098500471,0.39769983116590696,0.20065470169061927,FALSE,-0.0014250060890179412,0.44642857142857145,5.821428571428571,3.1071428571428568,2.7142857142857144,5.821428571428571,0.39285714285714307
loo_pointwise_rep003_SST_clean_SST_K4_kappa_5_strong_seed1005.csv,SST,4,kappa_5,strong,3,SST_clean,1,OCRP_MIN,WST_minus_DC,3,3,3-3,0,231,-0.0728573827815882,0.1925676346973061,0.378346978691988,FALSE,-3.1539992546142056e-4,0.5108225108225108,0.7748917748917749,0.3896103896103897,0.3852813852813852,0.7748917748917749,0.004329004329004377
loo_pointwise_rep003_SST_clean_SST_K4_kappa_5_strong_seed1005.csv,SST,4,kappa_5,strong,3,SST_clean,1,OCRP_MIN,WST_minus_DC,1,1,1-1,0,21,-0.004149013848298397,0.1964046580448368,0.021124824072915965,FALSE,-1.975720880142097e-4,0.5714285714285714,1.7142857142857142,0.9523809523809523,0.7619047619047619,1.7142857142857142,0.19047619047619038
loo_pointwise_rep003_SST_clean_SST_K4_kappa_5_strong_seed1005.csv,SST,4,kappa_5,strong,3,SST_clean,1,OCRP_MIN,WST_minus_SST,1,4,1-4,3,77,-1.4556215067924518,0.9153976578683163,1.5901520986869828,FALSE,-0.018904175412888986,0.23376623376623376,5.376623376623376,3.4675324675324672,1.909090909090909,5.376623376623376,1.5584415584415587
loo_pointwise_rep003_SST_clean_SST_K4_kappa_5_strong_seed1005.csv,SST,4,kappa_5,strong,3,SST_clean,1,OCRP_MIN,WST_minus_SST,2,3,2-3,1,176,-1.1646957033747873,0.6576924451378933,1.7708819859267118,FALSE,-0.006617589223720384,0.4659090909090909,9.164772727272727,3.8295454545454546,5.3352272727272725,9.164772727272727,-1.505681818181818
loo_pointwise_rep003_SST_clean_SST_K4_kappa_5_strong_seed1005.csv,SST,4,kappa_5,strong,3,SST_clean,1,OCRP_MIN,WST_minus_SST,1,2,1-2,1,56,-1.1135712577561385,0.3328490914873093,3.3455739740199837,TRUE,-0.019885201031359618,0.35714285714285715,5.821428571428571,3.1071428571428568,2.7142857142857144,5.821428571428571,0.39285714285714307
loo_pointwise_rep003_SST_clean_SST_K4_kappa_5_strong_seed1005.csv,SST,4,kappa_5,strong,3,SST_clean,1,OCRP_MIN,WST_minus_SST,1,3,1-3,2,154,-1.112483798303871,0.685940221029713,1.6218378281329582,FALSE,-0.007223920768206954,0.33116883116883117,2.792207792207792,1.0194805194805194,1.7727272727272725,2.792207792207792,-0.7532467532467533
loo_pointwise_rep003_SST_clean_SST_K4_kappa_5_strong_seed1005.csv,SST,4,kappa_5,strong,3,SST_clean,1,OCRP_MIN,WST_minus_SST,2,4,2-4,2,88,-1.0391746211771928,1.02631395474696,1.0125309281538548,FALSE,-0.011808802513377193,0.42045454545454547,3.375,2.0454545454545454,1.3295454545454544,3.375,0.7159090909090914
loo_pointwise_rep003_SST_clean_SST_K4_kappa_5_strong_seed1005.csv,SST,4,kappa_5,strong,3,SST_clean,1,OCRP_MIN,WST_minus_SST,3,4,3-4,1,242,-0.3224068062152335,1.0935301146158019,0.29483120940707436,FALSE,-0.0013322595298150145,0.4834710743801653,7.3429752066115705,4.400826446280991,2.9421487603305776,7.3429752066115705,1.4586776859504118
loo_pointwise_rep003_SST_clean_SST_K4_kappa_5_strong_seed1005.csv,SST,4,kappa_5,strong,3,SST_clean,1,OCRP_MIN,WST_minus_SST,4,4,4-4,0,55,-0.19224019156672065,0.07382846826372175,2.6038762023346043,TRUE,-0.0034952762103040115,0.34545454545454546,2.036363636363636,0.9272727272727271,1.1090909090909091,2.036363636363636,-0.18181818181818188
loo_pointwise_rep003_SST_clean_SST_K4_kappa_5_strong_seed1005.csv,SST,4,kappa_5,strong,3,SST_clean,1,OCRP_MIN,WST_minus_SST,3,3,3-3,0,231,0.09494733807757193,0.22121446673932652,0.42920944311230536,FALSE,4.110274375652467e-4,0.5411255411255411,0.7748917748917749,0.3896103896103897,0.3852813852813852,0.7748917748917749,0.004329004329004377
loo_pointwise_rep003_SST_clean_SST_K4_kappa_5_strong_seed1005.csv,SST,4,kappa_5,strong,3,SST_clean,1,OCRP_MIN,WST_minus_SST,2,2,2-2,0,28,-0.07885063436972145,0.1478896491996198,0.5331720968739992,FALSE,-0.0028160940846329078,0.42857142857142855,2.0357142857142856,0.9285714285714285,1.1071428571428572,2.0357142857142856,-0.17857142857142863
loo_pointwise_rep003_SST_clean_SST_K4_kappa_5_strong_seed1005.csv,SST,4,kappa_5,strong,3,SST_clean,1,OCRP_MIN,WST_minus_SST,1,1,1-1,0,21,0.0368123127848471,0.09093611104834154,0.4048151208630168,FALSE,0.0017529672754689092,0.6666666666666666,1.7142857142857142,0.9523809523809523,0.7619047619047619,1.7142857142857142,0.19047619047619038
loo_pointwise_rep003_WST_hetero_WST_K4_kappa_5_strong_seed1006.csv,WST,4,kappa_5,strong,3,WST_hetero,1,OCRP_MIN,SST_minus_DC,3,4,3-4,1,242,-133.02830905426868,16.350993339316926,8.135793727858372,TRUE,-0.54970375642259806,0.2975206611570248,6.867768595041323,3.6942148760330578,3.1735537190082646,6.867768595041323,0.5206611570247932
loo_pointwise_rep003_WST_hetero_WST_K4_kappa_5_strong_seed1006.csv,WST,4,kappa_5,strong,3,WST_hetero,1,OCRP_MIN,SST_minus_DC,2,3,2-3,1,176,-87.27370792457832,8.893071092216465,9.813674828368729,TRUE,-0.4958733404805588,0.20454545454545456,8.710227272727273,3.528409090909091,5.1818181818181825,8.710227272727273,-1.6534090909090902
loo_pointwise_rep003_WST_hetero_WST_K4_kappa_5_strong_seed1006.csv,WST,4,kappa_5,strong,3,WST_hetero,1,OCRP_MIN,SST_minus_DC,1,2,1-2,1,56,-70.76431664429131,5.887402433969797,12.019616025564584,TRUE,-1.2636485115052023,0.017857142857142856,5.375,3.410714285714286,1.9642857142857142,5.375,1.4464285714285725
loo_pointwise_rep003_WST_hetero_WST_K4_kappa_5_strong_seed1006.csv,WST,4,kappa_5,strong,3,WST_hetero,1,OCRP_MIN,SST_minus_DC,1,3,1-3,2,154,-12.753757304369968,5.0079728221213795,2.546690598645755,TRUE,-0.08281660587253228,0.6818181818181818,2.7337662337662336,1.038961038961039,1.6948051948051948,2.7337662337662336,-0.6558441558441551
loo_pointwise_rep003_WST_hetero_WST_K4_kappa_5_strong_seed1006.csv,WST,4,kappa_5,strong,3,WST_hetero,1,OCRP_MIN,SST_minus_DC,2,2,2-2,0,28,-5.340507112164763,2.2068645160792184,2.419952413595769,TRUE,-0.19073239686302726,0.2857142857142857,2.857142857142857,1.5,1.3571428571428572,2.857142857142857,0.1428571428571429
loo_pointwise_rep003_WST_hetero_WST_K4_kappa_5_strong_seed1006.csv,WST,4,kappa_5,strong,3,WST_hetero,1,OCRP_MIN,SST_minus_DC,2,4,2-4,2,88,-2.7057164999074734,1.4563038033281743,1.8579341025711427,FALSE,-0.030746778408039462,0.3522727272727273,3.6477272727272725,2.170454545454546,1.4772727272727275,3.6477272727272725,0.6931818181818175
loo_pointwise_rep003_WST_hetero_WST_K4_kappa_5_strong_seed1006.csv,WST,4,kappa_5,strong,3,WST_hetero,1,OCRP_MIN,SST_minus_DC,1,1,1-1,0,21,-1.1677733421016665,0.8337861589034317,1.4005669554859053,FALSE,-0.055608254385793636,0.42857142857142855,2.5714285714285716,1.2380952380952381,1.3333333333333333,2.5714285714285716,-0.09523809523809518
loo_pointwise_rep003_WST_hetero_WST_K4_kappa_5_strong_seed1006.csv,WST,4,kappa_5,strong,3,WST_hetero,1,OCRP_MIN,SST_minus_DC,1,4,1-4,3,77,-0.21646612320183278,0.22699366919673913,0.9536218519566643,FALSE,-0.0028112483532705566,0.4805194805194805,5.142857142857143,3.4025974025974035,1.7402597402597402,5.142857142857143,1.662337662337662
loo_pointwise_rep003_WST_hetero_WST_K4_kappa_5_strong_seed1006.csv,WST,4,kappa_5,strong,3,WST_hetero,1,OCRP_MIN,SST_minus_DC,3,3,3-3,0,231,-0.17223698599989412,0.1924799891695052,0.8948306093690377,FALSE,-7.456146580081992e-4,0.47619047619047616,0.8095238095238096,0.367965367965368,0.4415584415584413,0.8095238095238096,-0.07359307359307354
loo_pointwise_rep003_WST_hetero_WST_K4_kappa_5_strong_seed1006.csv,WST,4,kappa_5,strong,3,WST_hetero,1,OCRP_MIN,SST_minus_DC,4,4,4-4,0,55,-0.05500456029602501,0.10470719062352953,0.5253178885659504,FALSE,-0.0010000829144731823,0.45454545454545453,2.4363636363636365,1.1454545454545455,1.290909090909091,2.4363636363636365,-0.14545454545454542
loo_pointwise_rep003_WST_hetero_WST_K4_kappa_5_strong_seed1006.csv,WST,4,kappa_5,strong,3,WST_hetero,1,OCRP_MIN,WST_minus_DC,1,2,1-2,1,56,-7.886133782777202,2.407586521657301,3.2755349441600354,TRUE,-0.14082381754959294,0.017857142857142856,5.375,3.410714285714286,1.9642857142857142,5.375,1.4464285714285725
loo_pointwise_rep003_WST_hetero_WST_K4_kappa_5_strong_seed1006.csv,WST,4,kappa_5,strong,3,WST_hetero,1,OCRP_MIN,WST_minus_DC,1,4,1-4,3,77,-2.3000675688961625,2.121397579871509,1.0842227740428907,FALSE,-0.02987100738826186,0.14285714285714285,5.142857142857143,3.4025974025974035,1.7402597402597402,5.142857142857143,1.662337662337662
loo_pointwise_rep003_WST_hetero_WST_K4_kappa_5_strong_seed1006.csv,WST,4,kappa_5,strong,3,WST_hetero,1,OCRP_MIN,WST_minus_DC,2,4,2-4,2,88,-1.4213032952215066,1.474722687239521,0.9637766527359742,FALSE,-0.0161511738093353,0.2159090909090909,3.6477272727272725,2.170454545454546,1.4772727272727275,3.6477272727272725,0.6931818181818175
loo_pointwise_rep003_WST_hetero_WST_K4_kappa_5_strong_seed1006.csv,WST,4,kappa_5,strong,3,WST_hetero,1,OCRP_MIN,WST_minus_DC,1,3,1-3,2,154,-0.54746093511738,0.7443875506844418,0.7354514924571297,FALSE,-0.003554941137125844,0.35064935064935066,2.7337662337662336,1.038961038961039,1.6948051948051948,2.7337662337662336,-0.6558441558441551
loo_pointwise_rep003_WST_hetero_WST_K4_kappa_5_strong_seed1006.csv,WST,4,kappa_5,strong,3,WST_hetero,1,OCRP_MIN,WST_minus_DC,3,3,3-3,0,231,-0.27861655565126586,0.20160261529410145,1.3820086373622442,FALSE,-0.0012061322755466028,0.4588744588744589,0.8095238095238096,0.367965367965368,0.4415584415584413,0.8095238095238096,-0.07359307359307354
loo_pointwise_rep003_WST_hetero_WST_K4_kappa_5_strong_seed1006.csv,WST,4,kappa_5,strong,3,WST_hetero,1,OCRP_MIN,WST_minus_DC,1,1,1-1,0,21,-0.18560626200126865,0.2225971164346889,0.8338215021564596,FALSE,-0.008838393428631842,0.42857142857142855,2.5714285714285716,1.2380952380952381,1.3333333333333333,2.5714285714285716,-0.09523809523809518
loo_pointwise_rep003_WST_hetero_WST_K4_kappa_5_strong_seed1006.csv,WST,4,kappa_5,strong,3,WST_hetero,1,OCRP_MIN,WST_minus_DC,4,4,4-4,0,55,-0.16179336143817036,0.15234125900478904,1.0620455843356538,FALSE,-0.0029416974806940064,0.509090909090909,2.4363636363636365,1.1454545454545455,1.290909090909091,2.4363636363636365,-0.14545454545454542
loo_pointwise_rep003_WST_hetero_WST_K4_kappa_5_strong_seed1006.csv,WST,4,kappa_5,strong,3,WST_hetero,1,OCRP_MIN,WST_minus_DC,3,4,3-4,1,242,-0.12346739976456575,0.34598152694604706,0.35686124879094905,FALSE,-5.101958667957252e-4,0.5041322314049587,6.867768595041323,3.6942148760330578,3.1735537190082646,6.867768595041323,0.5206611570247932
loo_pointwise_rep003_WST_hetero_WST_K4_kappa_5_strong_seed1006.csv,WST,4,kappa_5,strong,3,WST_hetero,1,OCRP_MIN,WST_minus_DC,2,2,2-2,0,28,-0.07535214663488106,0.27817275912370004,0.2708825510889543,FALSE,-0.002691148094102894,0.5,2.857142857142857,1.5,1.3571428571428572,2.857142857142857,0.1428571428571429
loo_pointwise_rep003_WST_hetero_WST_K4_kappa_5_strong_seed1006.csv,WST,4,kappa_5,strong,3,WST_hetero,1,OCRP_MIN,WST_minus_DC,2,3,2-3,1,176,0.004278403166964723,0.5496077754987638,0.007784466227906098,FALSE,2.4309108903211966e-5,0.5,8.710227272727273,3.528409090909091,5.1818181818181825,8.710227272727273,-1.6534090909090902
loo_pointwise_rep003_WST_hetero_WST_K4_kappa_5_strong_seed1006.csv,WST,4,kappa_5,strong,3,WST_hetero,1,OCRP_MIN,WST_minus_SST,3,4,3-4,1,242,132.90484165450425,16.36132486278525,8.123110002956043,TRUE,0.5491935605558024,0.7066115702479339,6.867768595041323,3.6942148760330578,3.1735537190082646,6.867768595041323,0.5206611570247932
loo_pointwise_rep003_WST_hetero_WST_K4_kappa_5_strong_seed1006.csv,WST,4,kappa_5,strong,3,WST_hetero,1,OCRP_MIN,WST_minus_SST,2,3,2-3,1,176,87.27798632774527,8.46975733138943,10.304661977066074,TRUE,0.495897649589462,0.8181818181818182,8.710227272727273,3.528409090909091,5.1818181818181825,8.710227272727273,-1.6534090909090902
loo_pointwise_rep003_WST_hetero_WST_K4_kappa_5_strong_seed1006.csv,WST,4,kappa_5,strong,3,WST_hetero,1,OCRP_MIN,WST_minus_SST,1,2,1-2,1,56,62.878182861514105,4.223553858719445,14.887505869423997,TRUE,1.122824693955609,0.9821428571428571,5.375,3.410714285714286,1.9642857142857142,5.375,1.4464285714285725
loo_pointwise_rep003_WST_hetero_WST_K4_kappa_5_strong_seed1006.csv,WST,4,kappa_5,strong,3,WST_hetero,1,OCRP_MIN,WST_minus_SST,1,3,1-3,2,154,12.20629636925261,5.708053256970032,2.138434212110347,TRUE,0.07926166473540652,0.3116883116883117,2.7337662337662336,1.038961038961039,1.6948051948051948,2.7337662337662336,-0.6558441558441551
loo_pointwise_rep003_WST_hetero_WST_K4_kappa_5_strong_seed1006.csv,WST,4,kappa_5,strong,3,WST_hetero,1,OCRP_MIN,WST_minus_SST,2,2,2-2,0,28,5.265154965529882,2.040972240719794,2.5797288471072046,TRUE,0.1880412487689244,0.75,2.857142857142857,1.5,1.3571428571428572,2.857142857142857,0.1428571428571429
loo_pointwise_rep003_WST_hetero_WST_K4_kappa_5_strong_seed1006.csv,WST,4,kappa_5,strong,3,WST_hetero,1,OCRP_MIN,WST_minus_SST,1,4,1-4,3,77,-2.083601445694331,2.2088943147154,0.9432780155273242,FALSE,-0.027059759034991304,0.14285714285714285,5.142857142857143,3.4025974025974035,1.7402597402597402,5.142857142857143,1.662337662337662
loo_pointwise_rep003_WST_hetero_WST_K4_kappa_5_strong_seed1006.csv,WST,4,kappa_5,strong,3,WST_hetero,1,OCRP_MIN,WST_minus_SST,2,4,2-4,2,88,1.284413204685966,0.9375766362651916,1.3699287663591826,FALSE,0.01459560459870416,0.5795454545454546,3.6477272727272725,2.170454545454546,1.4772727272727275,3.6477272727272725,0.6931818181818175
loo_pointwise_rep003_WST_hetero_WST_K4_kappa_5_strong_seed1006.csv,WST,4,kappa_5,strong,3,WST_hetero,1,OCRP_MIN,WST_minus_SST,1,1,1-1,0,21,0.982167080100397,0.7141070261631319,1.3753779813336116,FALSE,0.04676986095716177,0.6190476190476191,2.5714285714285716,1.2380952380952381,1.3333333333333333,2.5714285714285716,-0.09523809523809518
loo_pointwise_rep003_WST_hetero_WST_K4_kappa_5_strong_seed1006.csv,WST,4,kappa_5,strong,3,WST_hetero,1,OCRP_MIN,WST_minus_SST,4,4,4-4,0,55,-0.1067888011421454,0.07995866420736057,1.3355500895463306,FALSE,-0.0019416145662208258,0.38181818181818183,2.4363636363636365,1.1454545454545455,1.290909090909091,2.4363636363636365,-0.14545454545454542
loo_pointwise_rep003_WST_hetero_WST_K4_kappa_5_strong_seed1006.csv,WST,4,kappa_5,strong,3,WST_hetero,1,OCRP_MIN,WST_minus_SST,3,3,3-3,0,231,-0.1063795696513722,0.1998544454964834,0.5322852308193666,FALSE,-4.605176175384074e-4,0.44155844155844154,0.8095238095238096,0.367965367965368,0.4415584415584413,0.8095238095238096,-0.07359307359307354
