"gen_model","fit_model","K_true","K_hat","K_p.mean","hierch","kappa_mean","kappa_var","psi_mean","psi_var","theta_ocrp","ocrp_attempts","block_sizes_true","rate_kap","ari","vi","elpd","elpd_se","p_loo","p_loo_se","looic","looic_se","pk_bad","pk_bad_count","pareto_k_max","pareto_k_mean","n_loo_obs","time","seed","sigma0","tau0","dominance_target","N0_psi","thetaW_block_model_mean","thetaW_block_model_lo","thetaW_block_model_hi","thetaW_block_model_ess","thetaW_block_model_mcse","thetaS_block_model_mean","thetaS_block_model_lo","thetaS_block_model_hi","thetaS_block_model_ess","thetaS_block_model_mcse","thetaW_block_emp_mean","thetaW_block_emp_lo","thetaW_block_emp_hi","thetaW_block_emp_ess","thetaW_block_emp_mcse","thetaS_block_emp_mean","thetaS_block_emp_lo","thetaS_block_emp_hi","thetaS_block_emp_ess","thetaS_block_emp_mcse","thetaW_item_emp_mean","thetaW_item_emp_lo","thetaW_item_emp_hi","thetaW_item_emp_ess","thetaW_item_emp_mcse","thetaS_item_emp_mean","thetaS_item_emp_lo","thetaS_item_emp_hi","thetaS_item_emp_ess","thetaS_item_emp_mcse","bar_rho_model_mean","bar_rho_model_lo","bar_rho_model_hi","bar_rho_model_ess","bar_rho_model_mcse","thetaW_block_model_all_mean","thetaW_block_model_all_lo","thetaW_block_model_all_hi","thetaW_block_model_all_ess","thetaW_block_model_all_mcse","thetaS_block_model_all_mean","thetaS_block_model_all_lo","thetaS_block_model_all_hi","thetaS_block_model_all_ess","thetaS_block_model_all_mcse","thetaW_block_emp_all_mean","thetaW_block_emp_all_lo","thetaW_block_emp_all_hi","thetaW_block_emp_all_ess","thetaW_block_emp_all_mcse","thetaS_block_emp_all_mean","thetaS_block_emp_all_lo","thetaS_block_emp_all_hi","thetaS_block_emp_all_ess","thetaS_block_emp_all_mcse","thetaW_item_emp_all_mean","thetaW_item_emp_all_lo","thetaW_item_emp_all_hi","thetaW_item_emp_all_ess","thetaW_item_emp_all_mcse","thetaS_item_emp_all_mean","thetaS_item_emp_all_lo","thetaS_item_emp_all_hi","thetaS_item_emp_all_ess","thetaS_item_emp_all_mcse","prem_block_model_avg","prem_block_emp_avg","prem_item_emp_avg","coverage_block_model_avg","coverage_block_emp_avg","coverage_item_emp_avg","transitive_triads_mean","transitive_triads_lo.2.5.","transitive_triads_hi.97.5.","cycle_mass_weighted_mean","min_backward_weight_mean","min_backward_weight_norm_mean","hierarchy_energy_mean","hierarchy_energy_lo.2.5.","hierarchy_energy_hi.97.5.","curl_energy_mean","p_post_wst","p_prior_wst","bf_wst_0","log_bf_wst_0","p_post_sst","p_prior_sst","bf_sst_0","log_bf_sst_0","bf_sst_wst","log_bf_sst_wst","bf_prior_mc","violation_rate_mean","violation_rate_lo.2.5.","violation_rate_hi.97.5.","violation_count_mean","cross_mass_mean","n_draws_K_match","violation_rate_zhat","violation_count_zhat","elpd_rank","elpd_best_model","delta_elpd_best","delta_elpd_best_se","delta_elpd_best_z","elpd_wst_minus_sst","elpd_wst_minus_sst_se","elpd_wst_minus_sst_z","elpd_wst_minus_dc","elpd_wst_minus_dc_se","elpd_wst_minus_dc_z","elpd_sst_minus_dc","elpd_sst_minus_dc_se","elpd_sst_minus_dc_z","loo_pointwise_file","rep_id","density"
"WST","WST",10,6,7.25333333333333,"app_sparse_hetero",0.3,0.0324,3.5,4,2.96291897812002,NA,"7;7;7;7;7;7;7;7;7;7",0.3,0.486041842088218,1.66660560815515,-1890.7846190755,51.0906364322964,204.324268924315,9.77051265091002,3781.569238151,102.181272864593,0.0132505175983437,32,1.39999158473168,0.216013878677042,2415,68.656,1002,2,0.5,0.75,13,1,1,1,0,NA,0.43094262295082,0.2,0.6,82.3237616961745,0.0130339934588399,0.999517839922854,1,1,122,0.000482160077145614,0.443774108003857,0.25,0.649375,55.8779545680278,0.012027023170026,0.990063977848833,0.941176470588235,1,83.2176536406467,0.00248318813900083,0.63971472900348,0.444583333333333,0.8,81.9438567435642,0.011730091924838,0.903302747236103,0.836736757148583,0.942285799655786,40.6440186308854,0.00417085214401463,0.983606557377049,0.8,1,122,0.00498754114178286,0.424590163934426,0.2,0.6,67.9435357575744,0.0146158432923585,0.977049180327869,0.8,1,59.3496745737834,0.00955571573956284,0.434426229508197,0.20125,0.64875,63.4662070712154,0.0119705271090324,0.952049180327869,0.8,1,122,0.00484824371005411,0.61516393442623,0.40125,0.8,122,0.00970171133908279,19.672131147541,19.5491803278689,19.2295081967213,0.983606557377049,0.977459016393443,0.961475409836066,1,1,1,0,0,0,0.83667792705969,0.684720883730516,0.927465737044527,9.01809309032006,NA,NA,NA,NA,NA,NA,NA,NA,NA,NA,NA,0.0542479798636799,0.0388513513513514,0.074381502580973,32.6133333333333,599.48,122,0.61790017211704,359,2,"SST",-19.4219058982274,6.06856308766667,3.20041262118525,-19.4219058982274,6.06856308766667,3.20041262118525,5.8802052972585,7.07742966181232,0.83083910095021,25.3021111954858,10.092766591023,2.50695495306419,"output/simulation/raw/DemoOCRPvar_runs/DemoOCRPvar_run_20260605_172715/loo_pointwise/loo_pointwise_rep001_WST_heteroSparse_WST_K10_kappa_0.3_app_sparse_hetero_seed1001.csv",1,"kappa_0.3"
"WST","SST",10,7,8.17833333333333,"app_sparse_hetero",0.3,0.0324,3.5,4,2.96291897812002,NA,"7;7;7;7;7;7;7;7;7;7",0.3,0.450720242608036,1.60270341737991,-1871.36271317727,50.9896145349503,198.320637182629,9.20618879953736,3742.72542635454,101.979229069901,0.0178053830227743,43,1.97204726432025,0.215575092487057,2415,109.533,1003,2,0.5,0.75,13,1,1,1,0,NA,1,1,1,0,NA,0.999640417116145,1,1,103,0.000359582883854729,0.415590486464273,0.244285714285714,0.584285714285714,46.5966220943635,0.0132850864084087,0.992617042055231,0.954563894523327,1,54.0972476930662,0.00204598752170243,0.653596776184592,0.507857142857143,0.796764705882353,103,0.00722535111398439,0.959296996550444,0.940773066620434,0.974833964282665,84.4572526914062,0.00103349197633006,1,1,1,0,NA,1,1,1,0,NA,0.979472954230236,0.857142857142857,1,103,0.00523599299778565,0.40748959778086,0.228571428571429,0.571428571428571,51.1799833461074,0.0129105451210897,0.959223300970874,0.844285714285714,1,54.1359665389306,0.00619027117268475,0.631900138696255,0.485714285714286,0.771428571428571,103,0.00773799254401657,35,34.2912621359223,33.8155339805825,1,0.979750346740638,0.966158113730929,1,1,1,0,0,0,0.900261507099895,0.82600557744242,0.958057238969885,5.5095134110224,NA,NA,NA,NA,NA,NA,NA,NA,NA,NA,NA,0.0447667942124292,0.0377937899272025,0.0538544891640867,27.3966666666667,611.663333333333,103,0.476666666666667,286,1,"SST",0,0,NA,-19.4219058982274,6.06856308766667,3.20041262118525,5.8802052972585,7.07742966181232,0.83083910095021,25.3021111954858,10.092766591023,2.50695495306419,"output/simulation/raw/DemoOCRPvar_runs/DemoOCRPvar_run_20260605_172715/loo_pointwise/loo_pointwise_rep001_WST_heteroSparse_WST_K10_kappa_0.3_app_sparse_hetero_seed1001.csv",1,"kappa_0.3"
"WST","DC-SBM",10,5,4.225,"app_sparse_hetero",0.3,0.0324,3.5,4,2.96291897812002,NA,"7;7;7;7;7;7;7;7;7;7",0.3,0.401760704281713,2.23253153824924,-1896.66482437276,51.4984703340249,139.97250755047,7.35147430919144,3793.32964874551,102.99694066805,0.0737060041407867,178,1.77523467080772,0.244533060830426,2415,25.421,1004,2,0.5,0.75,13,0.937176870748299,0.7,1,105,0.0106269812099128,0.444837490551776,0.142857142857143,0.728571428571428,105,0.0175608559915808,0.998809523809524,1,1,105,0.00119047619047619,0.415850340136054,0.2,0.7,105,0.0141066687294491,0.975744520030234,0.875,1,105,0.00465128920108521,0.635404383975813,0.4,1,105,0.0145218627384991,0.837049274197247,0.71520034354995,0.919903953962398,105,0.00578027009509558,0.806666666666667,0.4,1,105,0.0217489280888938,0.384761904761905,0.1,0.7,55.8619997951563,0.0248777974245709,0.951428571428571,0.7,1,105,0.0108363015697768,0.393333333333333,0.2,0.639999999999999,105,0.0137525666380167,0.878095238095238,0.7,1,105,0.00994314905610528,0.56952380952381,0.4,0.8,105,0.0132684186395286,8.53333333333333,9.52380952380952,8.99047619047619,0.853333333333333,0.952380952380952,0.899047619047619,0.923809523809524,0.66,1,0.436560574721772,0.538558132425547,0.0222329683157975,0.846146518536382,0.473603116667695,0.954596639772716,10.6794347731292,NA,NA,NA,NA,NA,NA,NA,NA,NA,NA,NA,0.0471200901151852,0.0347985347985348,0.0620567375886525,26.12,553.793333333333,105,0.660107334525939,369,3,"SST",-25.3021111954858,10.092766591023,2.50695495306419,-19.4219058982274,6.06856308766667,3.20041262118525,5.8802052972585,7.07742966181232,0.83083910095021,25.3021111954858,10.092766591023,2.50695495306419,"output/simulation/raw/DemoOCRPvar_runs/DemoOCRPvar_run_20260605_172715/loo_pointwise/loo_pointwise_rep001_WST_heteroSparse_WST_K10_kappa_0.3_app_sparse_hetero_seed1001.csv",1,"kappa_0.3"
"WST","WST",10,7,8.505,"app_sparse_hetero",0.3,0.0324,3.5,4,2.96291897812002,NA,"7;7;7;7;7;7;7;7;7;7",0.3,0.70860539908391,1.06121340818907,-1919.99151491486,50.8599317162078,198.229294574734,9.72950222079649,3839.98302982972,101.719863432416,0.010351966873706,25,1.19179747017154,0.217807028735788,2415,265.405,1003,2,0.5,0.75,13,1,1,1,0,NA,0.320961281708945,0.169761904761905,0.514285714285714,28.7735884782342,0.0163907608062876,0.902962899043542,0.757575757575758,1,98.0777418113805,0.00814316405666847,0.318106453901984,0.210292580982236,0.438571428571428,60.3498799996597,0.00779004547811584,0.981175251090926,0.929375,1,107,0.00221987492628087,0.644751536155888,0.514848484848485,0.783570075757576,107,0.00704907228121533,0.893558823147222,0.862926315655108,0.91734233249788,55.6321839122943,0.00213637156269204,0.990654205607477,0.857142857142857,1,107,0.00343094905707642,0.318558077436582,0.161428571428571,0.514285714285714,36.3228220327784,0.0148892756971441,0.872096128170895,0.714285714285714,1,41.6467719455284,0.0166916985399021,0.307610146862483,0.2,0.438571428571428,58.6922339698022,0.00858087592308691,0.949532710280374,0.875714285714286,1,78.5711846708605,0.0042830445272319,0.624032042723631,0.485714285714286,0.742857142857143,107,0.00708937361486539,34.6728971962617,33.7196261682243,33.8691588785047,0.990654205607477,0.963417890520694,0.967690253671562,1,1,1,0,0,0,0.76850679751014,0.664979589706151,0.861089303420223,15.2762499607389,NA,NA,NA,NA,NA,NA,NA,NA,NA,NA,NA,0.0604512385015343,0.051514324209332,0.0728979722770203,40.4716666666667,669.018333333333,107,0.326219512195122,214,1,"WST",0,0,NA,14.1600488130198,9.0914669948656,1.55750978593627,42.7377924841312,9.62055293603861,4.44234263542539,28.5777436711114,12.2073004577871,2.34103713347054,"output/simulation/raw/DemoOCRPvar_runs/DemoOCRPvar_run_20260605_172715/loo_pointwise/loo_pointwise_rep002_WST_heteroSparse_WST_K10_kappa_0.3_app_sparse_hetero_seed1002.csv",2,"kappa_0.3"
"WST","SST",10,8,8.43,"app_sparse_hetero",0.3,0.0324,3.5,4,2.96291897812002,NA,"7;7;7;7;7;7;7;7;7;7",0.3,0.608987751423539,1.11881930144425,-1934.15156372788,52.4815727386702,188.449299909554,9.390889118721,3868.30312745576,104.96314547734,0.0136645962732919,33,1.35658835127289,0.216007232580146,2415,364.321,1004,2,0.5,0.75,13,1,1,1,0,NA,1,1,1,0,NA,0.95773525807972,0.909090909090909,1,155.86154173365,0.0034600612578063,0.275148982247951,0.129533492822967,0.414261363636364,72.065779782607,0.00860716881147953,0.979925153446205,0.931304176516943,1,145.358122014781,0.00164092657605601,0.632926904615712,0.504952830188679,0.747613636363636,222,0.00418523328753462,0.944408428477275,0.922432551992982,0.961838925810927,97.2285817848958,0.00100186950283059,1,1,1,0,NA,1,1,1,0,NA,0.911679536679537,0.760267857142857,1,149.524566868799,0.00698726122175652,0.262065637065637,0.125,0.401339285714286,78.1621869800513,0.00823393010806275,0.93548906048906,0.839285714285714,1,90.5990039724402,0.00480994160118744,0.603603603603604,0.473660714285714,0.704910714285714,222,0.00398008179221373,56,53.2432432432432,53.4504504504505,1,0.950772200772201,0.95447232947233,1,1,1,0,0,0,0.84047842146648,0.794104404080255,0.893865502909518,5.80165151567963,NA,NA,NA,NA,NA,NA,NA,NA,NA,NA,NA,0.0579637950244557,0.0501481762917933,0.0659698234583149,38.905,670.706666666667,222,0.404870624048706,266,2,"WST",-14.1600488130198,9.0914669948656,1.55750978593627,14.1600488130198,9.0914669948656,1.55750978593627,42.7377924841312,9.62055293603861,4.44234263542539,28.5777436711114,12.2073004577871,2.34103713347054,"output/simulation/raw/DemoOCRPvar_runs/DemoOCRPvar_run_20260605_172715/loo_pointwise/loo_pointwise_rep002_WST_heteroSparse_WST_K10_kappa_0.3_app_sparse_hetero_seed1002.csv",2,"kappa_0.3"
"WST","DC-SBM",10,6,5.22666666666667,"app_sparse_hetero",0.3,0.0324,3.5,4,2.96291897812002,NA,"7;7;7;7;7;7;7;7;7;7",0.3,0.626414248907808,1.60409596924887,-1962.72930739899,52.0477273100204,151.841026433645,7.433047234066,3925.45861479798,104.095454620041,0.0737060041407867,178,1.90399439877637,0.254885064360581,2415,71.942,1005,2,0.5,0.75,13,0.932701834858675,0.790909090909091,1,116,0.00711418150112197,0.232036013092515,0,0.4046875,83.5852800594134,0.011421514268339,0.981532685669549,0.866666666666667,1,61.4209489872858,0.00584336153406787,0.231701607594036,0.0523026315789474,0.378125,80.8143098286666,0.0100802914799622,0.981699145175312,0.894736842105263,1,116,0.0028829273156243,0.678413383653522,0.473684210526316,0.889619883040936,76.9166569024044,0.0122909543407516,0.822395684734897,0.715016771495105,0.902447771445852,116,0.00488771497815234,0.766379310344828,0.39375,1,116,0.0176567286959318,0.194396551724138,0,0.4,83.7326106168983,0.0108990783609458,0.892241379310345,0.65,1,72.3221149674429,0.0150667124151683,0.213793103448276,0.05,0.35625,70.9905672452314,0.0114372696503956,0.906465517241379,0.75,1,233.213683285619,0.00447738292836849,0.625431034482759,0.45,0.85,116,0.00963143298632164,16.3275862068966,18.1293103448276,18.4655172413793,0.816379310344828,0.906465517241379,0.923275862068966,0.917672413793103,0.7,1,0.447045173334905,0.863621230032783,0.0245355399913893,0.689002500222735,0.565720238807999,0.805830101389656,14.8376760218215,NA,NA,NA,NA,NA,NA,NA,NA,NA,NA,NA,0.148566295512056,0.120879063573056,0.175642400134075,93.7433333333333,630.583333333333,116,0.481658692185008,302,3,"WST",-42.7377924841312,9.62055293603861,4.44234263542539,14.1600488130198,9.0914669948656,1.55750978593627,42.7377924841312,9.62055293603861,4.44234263542539,28.5777436711114,12.2073004577871,2.34103713347054,"output/simulation/raw/DemoOCRPvar_runs/DemoOCRPvar_run_20260605_172715/loo_pointwise/loo_pointwise_rep002_WST_heteroSparse_WST_K10_kappa_0.3_app_sparse_hetero_seed1002.csv",2,"kappa_0.3"
"WST","WST",10,10,10.1466666666667,"app_sparse_hetero",0.3,0.0324,3.5,4,2.96291897812002,NA,"7;7;7;7;7;7;7;7;7;7",0.3,0.88953423433486,0.337878349348618,-1632.92222134698,47.6714641523401,180.101925848998,9.06899259762902,3265.84444269397,95.3429283046802,0.0115942028985507,28,1.2016203167571,0.228044327971669,2415,321.239,1004,2,0.5,0.75,13,1,1,1,0,NA,0.325096006122463,0.214285714285714,0.428571428571429,227.936546761156,0.00367901013213528,0.992008048447422,0.97,1,101.679459703476,0.000908476925356484,0.29873144618374,0.228571428571429,0.361646825396825,142.833783484776,0.00292125591565581,0.985722630935571,0.959926943750473,1,244.680693862831,0.000756272665071059,0.713276497486422,0.638975319857673,0.780701754385965,217.013519414703,0.00256437980935546,0.865956193428144,0.829528361232613,0.901749909729262,294,0.00117604400289179,0.95249433106576,0.866666666666667,1,221.672199841053,0.00339777134588945,0.309637188208617,0.194375,0.408333333333333,219.349842031986,0.00370976578863461,0.90328798185941,0.8,1,168.857407662101,0.00419644494483789,0.272590702947846,0.191666666666667,0.341666666666667,155.582701694034,0.00315071409384364,0.948809523809524,0.891666666666667,0.983333333333333,217.674909847396,0.00161586601347638,0.686592970521542,0.608333333333333,0.755625,231.262694621329,0.00261650119264446,114.299319727891,109.251700680272,115.503401360544,0.95249433106576,0.910430839002268,0.962528344671202,1,1,1,0,0,0,0.685058239308552,0.589385745196106,0.776668523364285,11.9880823607649,NA,NA,NA,NA,NA,NA,NA,NA,NA,NA,NA,0.0529211235584132,0.045947669704764,0.0676769069363928,28.3266666666667,534.948333333333,294,0.465420560747664,249,1,"WST",0,0,NA,10.5786910120323,9.45686818965318,1.11862519386773,93.9999509265299,12.4278495597885,7.56365374993559,83.4212599144976,13.5797482807428,6.1430637880671,"output/simulation/raw/DemoOCRPvar_runs/DemoOCRPvar_run_20260605_172715/loo_pointwise/loo_pointwise_rep003_WST_heteroSparse_WST_K10_kappa_0.3_app_sparse_hetero_seed1003.csv",3,"kappa_0.3"
"WST","SST",10,10,9.83166666666667,"app_sparse_hetero",0.3,0.0324,3.5,4,2.96291897812002,NA,"7;7;7;7;7;7;7;7;7;7",0.3,0.76205150781422,0.78161254918605,-1643.50091235902,50.6978732182636,169.07896152229,8.95667991164659,3287.00182471803,101.395746436527,0.0140786749482402,34,2.18998637255477,0.225640777873448,2415,361.967,1005,2,0.5,0.75,13,1,1,1,0,NA,1,1,1,0,NA,0.993980690002728,0.963729246487867,1,132.164792189205,0.000840840855945214,0.314252664910783,0.22665220293725,0.396618204804045,57.6823483307244,0.00574232643601098,0.987209862669079,0.965307346326837,1,291.509248680605,0.000586188517636659,0.722300041812676,0.635824345146379,0.786324786324786,253,0.00248430885052381,0.952720453356107,0.933918148639811,0.968941536385397,126.494240711786,0.000798801066056243,1,1,1,0,NA,1,1,1,0,NA,0.912779973649539,0.8,1,154.016991824382,0.00413517744108515,0.289064558629776,0.2,0.366666666666667,192.248838638667,0.00329763469639127,0.951251646903821,0.891666666666667,0.983333333333333,253,0.0015016685191453,0.696014492753623,0.608333333333333,0.766666666666667,253,0.00262478034860915,120,110.177865612648,115.624505928854,1,0.918148880105402,0.963537549407115,1,1,1,0,0,0,0.85596727627195,0.795322633664668,0.930751008014894,5.93495331581965,NA,NA,NA,NA,NA,NA,NA,NA,NA,NA,NA,0.0501966530583753,0.0450281425891182,0.0563776953596688,26.7533333333333,532.938333333333,253,0.483333333333333,261,2,"WST",-10.5786910120323,9.45686818965318,1.11862519386773,10.5786910120323,9.45686818965318,1.11862519386773,93.9999509265299,12.4278495597885,7.56365374993559,83.4212599144976,13.5797482807428,6.1430637880671,"output/simulation/raw/DemoOCRPvar_runs/DemoOCRPvar_run_20260605_172715/loo_pointwise/loo_pointwise_rep003_WST_heteroSparse_WST_K10_kappa_0.3_app_sparse_hetero_seed1003.csv",3,"kappa_0.3"
"WST","DC-SBM",10,5,5.315,"app_sparse_hetero",0.3,0.0324,3.5,4,2.96291897812002,NA,"7;7;7;7;7;7;7;7;7;7",0.3,0.559233449477352,1.63211147717677,-1726.92217227351,51.2674256420491,154.255348482353,7.85111776541509,3453.84434454703,102.534851284098,0.151552795031056,366,2.11852407855892,0.356150544017042,2415,57.9010000000001,1006,2,0.5,0.75,13,0.999427917620137,1,1,437.000000000001,0.000404059160991795,0.225147106897679,0,0.5,155.628240557853,0.00938885898898708,1,1,1,0,NA,0.20137299771167,0.1,0.4,46.5063904420767,0.0125608641584462,0.98476353928299,0.888888888888889,1,520.687264722136,0.00171409978822854,0.607265446224256,0.3,0.9,437,0.00715215053071579,0.91484892887008,0.875386644062712,0.943030580622021,171.421252955971,0.00137920185362528,0.997254004576659,1,1,437,0.00136826594212829,0.224485125858124,0,0.5,157.022863107208,0.0093209702861501,1,1,1,0,NA,0.20137299771167,0.1,0.4,46.5063904420767,0.0125608641584462,0.967048054919908,0.8,1,436.999999999999,0.00293875866911662,0.596567505720824,0.3,0.9,437,0.00721007887841621,9.97711670480549,10,9.81922196796339,0.997711670480549,1,0.981922196796339,0.99954233409611,1,1,0.00222140325079057,0.00110362862441705,4.5011730280829e-05,0.726540062563059,0.615282219955186,0.846543614702722,18.6868340775005,NA,NA,NA,NA,NA,NA,NA,NA,NA,NA,NA,0.133419169710132,0.0477298556654165,0.17014768508408,62.115,463.158333333333,437,0.658119658119658,308,3,"WST",-93.9999509265299,12.4278495597885,7.56365374993559,10.5786910120323,9.45686818965318,1.11862519386773,93.9999509265299,12.4278495597885,7.56365374993559,83.4212599144976,13.5797482807428,6.1430637880671,"output/simulation/raw/DemoOCRPvar_runs/DemoOCRPvar_run_20260605_172715/loo_pointwise/loo_pointwise_rep003_WST_heteroSparse_WST_K10_kappa_0.3_app_sparse_hetero_seed1003.csv",3,"kappa_0.3"
"WST","WST",10,7,7.82666666666667,"app_sparse_hetero",0.3,0.0324,3.5,4,2.96291897812002,NA,"7;7;7;7;7;7;7;7;7;7",0.3,0.387312600669062,1.60729147914493,-1938.23935675366,53.0836870293311,204.494802330528,9.94764370173069,3876.47871350732,106.167374058662,0.0132505175983437,32,1.36704189313358,0.230449985653531,2415,232.577,1005,2,0.5,0.75,13,1,1,1,0,NA,0.367985776406829,0.2,0.542857142857143,109.370460440465,0.00949625107741928,0.993479555760143,0.896551724137931,1,171,0.00182294001416942,0.387401585246241,0.235344827586207,0.514285714285714,105.772838447397,0.00710631410452654,0.981218131131972,0.933870967741935,1,133.04072385826,0.00211676937394754,0.663080027900503,0.514285714285714,0.809375,171,0.0058412360458879,0.862352129866854,0.799329026108059,0.902228030077645,171,0.0021071135293886,0.949206349206349,0.771428571428571,1,171,0.0058424747756757,0.349039264828738,0.178571428571429,0.542857142857143,93.8653809116565,0.0101881462166255,0.950375939849624,0.742857142857143,1,101.852774096787,0.00779604110325383,0.370927318295739,0.2,0.514285714285714,74.4754489357436,0.00880692389219694,0.931829573934837,0.828571428571429,1,117.912306707873,0.0042259636524818,0.629573934837093,0.485714285714286,0.764285714285714,171,0.00578507791328462,33.2222222222222,33.4619883040936,33.233918128655,0.949206349206349,0.956056808688388,0.949540517961571,1,1,1,0,0,0,0.780149472471341,0.654595391861718,0.886228369450164,10.277110740494,NA,NA,NA,NA,NA,NA,NA,NA,NA,NA,NA,0.092930749770047,0.0805339794433754,0.116427432216906,56.0066666666667,601.65,171,0.630584192439863,367,1,"WST",0,0,NA,22.6136749570996,8.24477918919465,2.74278721578577,11.1355310727918,6.8950973556316,1.61499258073518,-11.4781438843079,8.75189045470084,1.31150451936275,"output/simulation/raw/DemoOCRPvar_runs/DemoOCRPvar_run_20260605_172715/loo_pointwise/loo_pointwise_rep004_WST_heteroSparse_WST_K10_kappa_0.3_app_sparse_hetero_seed1004.csv",4,"kappa_0.3"
"WST","SST",10,7,7.69333333333333,"app_sparse_hetero",0.3,0.0324,3.5,4,2.96291897812002,NA,"7;7;7;7;7;7;7;7;7;7",0.3,0.336721749572924,1.91042170585493,-1960.85303171076,54.582734045014,207.043499260836,10.1605696613405,3921.70606342152,109.165468090028,0.0128364389233954,31,1.10085591308319,0.211118521644627,2415,326.342,1006,2,0.5,0.75,13,1,1,1,0,NA,1,1,1,0,NA,0.998304618768328,0.999193548387097,1,131.081585425369,0.000975193976783582,0.416203070451054,0.228571428571429,0.6,128.025394285986,0.0076339788826267,0.981399278259691,0.935430107526882,1,109.314267260339,0.00220273252189395,0.666353741924012,0.499642857142857,0.800161290322581,155.796375013916,0.00620919014862675,0.923570329987987,0.898398949507864,0.946386778215124,50.2248138992499,0.00190820288012656,1,1,1,0,NA,1,1,1,0,NA,0.987142857142857,0.857142857142857,1,200,0.00289812673116486,0.411714285714286,0.228571428571429,0.6,138.397673634971,0.00748144897848152,0.936428571428571,0.828571428571429,1,200,0.00323703760721371,0.635428571428571,0.485714285714286,0.771428571428571,149.076567096744,0.00621667989210136,35,34.605,33.395,1,0.988714285714286,0.954142857142857,1,1,1,0,0,0,0.918176345479043,0.839533835442739,0.973273279531383,2.92444727036079,NA,NA,NA,NA,NA,NA,NA,NA,NA,NA,NA,0.0896065807236259,0.0758540064500124,0.105678895052188,52.9833333333333,590.405,200,0.634920634920635,360,3,"WST",-22.6136749570996,8.24477918919465,2.74278721578577,22.6136749570996,8.24477918919465,2.74278721578577,11.1355310727918,6.8950973556316,1.61499258073518,-11.4781438843079,8.75189045470084,1.31150451936275,"output/simulation/raw/DemoOCRPvar_runs/DemoOCRPvar_run_20260605_172715/loo_pointwise/loo_pointwise_rep004_WST_heteroSparse_WST_K10_kappa_0.3_app_sparse_hetero_seed1004.csv",4,"kappa_0.3"
"WST","DC-SBM",10,6,5.23166666666667,"app_sparse_hetero",0.3,0.0324,3.5,4,2.96291897812002,NA,"7;7;7;7;7;7;7;7;7;7",0.3,0.505266280967215,2.06959797941729,-1949.37488782645,52.9860316910722,156.36859704857,8.09387445266472,3898.7497756529,105.972063382144,0.0397515527950311,96,1.63962117135675,0.22581594272375,2415,88.003,1007,2,0.5,0.75,13,0.987584338548254,0.908080808080808,1,76.2870833295663,0.00329103926564765,0.351444574127471,0.1475,0.550625,119,0.0104536233075834,0.996957214258252,0.941176470588235,1,119,0.00159987948982867,0.412394271434064,0.25,0.5525,9.6994763828065,0.0272681868974043,0.983409431884209,0.940992647058823,1,161.832773645018,0.00202812709560083,0.687593659754924,0.473684210526316,0.875694444444444,119,0.00917946780059142,0.848586186895285,0.740660306387935,0.907461350118656,37.8634198208494,0.00713617840760352,0.878991596638655,0.5,1,38.39750224476,0.0252445088543663,0.309663865546218,0.1,0.5,119,0.00979197731452083,0.980252100840336,0.8,1,119,0.0058227903944007,0.40672268907563,0.2,0.5525,11.0871636221369,0.0274336442279919,0.930252100840336,0.8,1,119,0.0056991744528618,0.650840336134454,0.45,0.8025,119,0.00952853855685015,17.7731092436975,19.655462184874,18.9159663865546,0.888655462184874,0.982773109243697,0.945798319327731,0.979831932773109,0.85,1,0.0932714942443048,0.230436487369771,0.00687135690254545,0.803508825643846,0.654083982890819,0.884050395862449,9.62790755914515,NA,NA,NA,NA,NA,NA,NA,NA,NA,NA,NA,0.0905910641577149,0.0807554620259151,0.116636377313073,50.62,558.365,119,0.750883392226148,425,2,"WST",-11.1355310727918,6.8950973556316,1.61499258073518,22.6136749570996,8.24477918919465,2.74278721578577,11.1355310727918,6.8950973556316,1.61499258073518,-11.4781438843079,8.75189045470084,1.31150451936275,"output/simulation/raw/DemoOCRPvar_runs/DemoOCRPvar_run_20260605_172715/loo_pointwise/loo_pointwise_rep004_WST_heteroSparse_WST_K10_kappa_0.3_app_sparse_hetero_seed1004.csv",4,"kappa_0.3"
"WST","WST",10,10,9.105,"app_sparse_hetero",0.3,0.0324,3.5,4,2.96291897812002,NA,"7;7;7;7;7;7;7;7;7;7",0.3,0.620730270906949,1.24596787466284,-1982.22641464295,53.8051265296662,203.495189822687,9.91811784916312,3964.45282928591,107.610253059332,0.0178053830227743,43,1.17350103362823,0.231092273509387,2415,288.24,1006,2,0.5,0.75,13,1,1,1,0,NA,0.301951750876454,0.188888888888889,0.419642857142857,41.7623081286541,0.00937242346020579,0.99202029362969,0.954128440366973,1,121,0.00131116556927666,0.282555247111506,0.205357142857143,0.380952380952381,52.7843967766064,0.00672458715470774,0.967845130511475,0.932692307692308,1,121,0.001536769630532,0.652817742543633,0.568965517241379,0.763636363636364,157.257124015856,0.0037117544430334,0.821039730499696,0.776916056118705,0.858651054158212,85.3297057186187,0.00252719645303178,0.884228650137741,0.741666666666667,1,121,0.00645408429264709,0.268044077134986,0.15,0.391666666666667,121,0.00565680276669634,0.858264462809917,0.7,1,121,0.0064032675473114,0.244628099173554,0.166666666666667,0.341666666666667,64.8805227226512,0.00590381342884739,0.889669421487603,0.816666666666667,0.95,121,0.0032570248438729,0.599931129476584,0.516666666666667,0.691666666666667,121,0.00419810894605138,106.107438016529,103.785123966942,110.297520661157,0.884228650137741,0.864876033057851,0.919146005509642,1,1,1,0,0,0,0.679856180658533,0.567717206867904,0.795347413329086,10.405124551128,NA,NA,NA,NA,NA,NA,NA,NA,NA,NA,NA,0.133123073576557,0.122721106412967,0.148053279194333,86.8216666666667,652.161666666667,121,0.357686453576865,235,1,"WST",0,0,NA,88.6247274665391,15.0380035922236,5.89338384733253,40.4730000596974,5.87075757821844,6.89399954272672,-48.1517274068417,13.6202597300532,3.53530170211031,"output/simulation/raw/DemoOCRPvar_runs/DemoOCRPvar_run_20260605_172715/loo_pointwise/loo_pointwise_rep005_WST_heteroSparse_WST_K10_kappa_0.3_app_sparse_hetero_seed1005.csv",5,"kappa_0.3"
"WST","SST",10,7,7.995,"app_sparse_hetero",0.3,0.0324,3.5,4,2.96291897812002,NA,"7;7;7;7;7;7;7;7;7;7",0.3,0.233333333333333,2.13099199971847,-2070.85114210949,58.686405170578,222.474580282021,11.9749972207328,4141.70228421899,117.372810341156,0.0186335403726708,45,1.40849651644193,0.232634330281288,2415,341.075,1007,2,0.5,0.75,13,1,1,1,0,NA,1,1,1,0,NA,0.997754593136066,0.9609375,1,152,0.000945702069902576,0.27581482918256,0.0814285714285714,0.459754464285714,74.084846294884,0.0118273607107373,0.977842982254962,0.905569556451613,1,152,0.00209326090782189,0.626132012265873,0.446678498985801,0.808333333333333,152,0.00724963732024749,0.883628212691086,0.843653334519408,0.9222937181986,61.6600010351968,0.00252924912908616,1,1,1,0,NA,1,1,1,0,NA,0.93890977443609,0.831428571428571,1,152,0.00637343415832289,0.259586466165414,0.0792857142857143,0.435,72.1032157433781,0.0115780744738037,0.905827067669173,0.771428571428571,1,152,0.00503110459193649,0.579511278195489,0.393571428571429,0.714285714285714,152,0.0069978192353839,35,32.9276315789474,32.4078947368421,1,0.94078947368421,0.92593984962406,1,1,1,0,0,0,0.885552222578305,0.809244791001823,0.962308036996874,2.39289272767848,NA,NA,NA,NA,NA,NA,NA,NA,NA,NA,NA,0.130576750182282,0.106235733193744,0.151196566978423,81.0316666666667,618.548333333333,152,0.252144082332762,147,3,"WST",-88.6247274665391,15.0380035922236,5.89338384733253,88.6247274665391,15.0380035922236,5.89338384733253,40.4730000596974,5.87075757821844,6.89399954272672,-48.1517274068417,13.6202597300532,3.53530170211031,"output/simulation/raw/DemoOCRPvar_runs/DemoOCRPvar_run_20260605_172715/loo_pointwise/loo_pointwise_rep005_WST_heteroSparse_WST_K10_kappa_0.3_app_sparse_hetero_seed1005.csv",5,"kappa_0.3"
"WST","DC-SBM",10,8,7.10666666666667,"app_sparse_hetero",0.3,0.0324,3.5,4,2.96291897812002,NA,"7;7;7;7;7;7;7;7;7;7",0.3,0.543872429982192,1.15949070548279,-2022.69941470265,54.1420071131147,197.153023774557,9.78984371671222,4045.3988294053,108.284014226229,0.0699792960662526,169,1.37915965472672,0.283771961349506,2415,90.537,1008,2,0.5,0.75,13,0.930363896093895,0.771666666666667,1,74.7547269805618,0.00794451225035747,0.297547821877072,0.158627858627859,0.4375,104,0.00715459506765898,0.992123540965823,0.936934840425532,1,39.9428500139495,0.00302968485208863,0.331854180225453,0.228794117647059,0.44,74.5594383688895,0.00637751170184971,0.971005042748589,0.917644557823129,1,104,0.00251053555318077,0.65722886105009,0.536968537414966,0.766628959276018,104,0.00664430281848886,0.763285263534645,0.676242288071613,0.830253140404744,54.113971330952,0.00568981158141694,0.686298076923077,0.403125,1,37.6841792956169,0.0263313381814509,0.220638736263736,0.0892857142857143,0.382589285714286,104,0.00734811194737687,0.888392857142857,0.673660714285714,1,39.5678105926615,0.0173820249984393,0.298763736263736,0.170982142857143,0.410714285714286,120.451026339638,0.00604230783959978,0.866586538461538,0.767857142857143,0.946428571428571,46.0251491812604,0.0072522890178417,0.586366758241758,0.464285714285714,0.696428571428571,104,0.00637263553208443,41.1442307692308,50.1153846153846,49.9711538461538,0.734718406593407,0.894917582417582,0.892342032967033,0.919471153846154,0.785714285714286,1,0.384916788293639,1.89410518991997,0.0360992181317872,0.658797052271758,0.537211949260685,0.771033764019192,11.5382054252502,NA,NA,NA,NA,NA,NA,NA,NA,NA,NA,NA,0.209662188556204,0.160887401537608,0.250386581314121,130.56,622.183333333333,104,0.355555555555556,224,2,"WST",-40.4730000596974,5.87075757821844,6.89399954272672,88.6247274665391,15.0380035922236,5.89338384733253,40.4730000596974,5.87075757821844,6.89399954272672,-48.1517274068417,13.6202597300532,3.53530170211031,"output/simulation/raw/DemoOCRPvar_runs/DemoOCRPvar_run_20260605_172715/loo_pointwise/loo_pointwise_rep005_WST_heteroSparse_WST_K10_kappa_0.3_app_sparse_hetero_seed1005.csv",5,"kappa_0.3"
"WST","WST",10,6,6.84,"app_sparse_hetero",0.3,0.0324,3.5,4,2.96291897812002,NA,"7;7;7;7;7;7;7;7;7;7",0.3,0.380526042053644,2.18486987698111,-1777.82037038298,52.4302609821999,197.875252229359,10.1226225970822,3555.64074076596,104.8605219644,0.0115942028985507,28,1.05306810981297,0.219478381373285,2415,193.312,1007,2,0.5,0.75,13,1,1,1,0,NA,0.375020136931132,0.125,0.6,108.439296018748,0.0121740666625421,0.994358940416435,0.87719298245614,1,110.889007794515,0.00274100418009393,0.366714103097485,0.1875,0.55,108.688366135077,0.00874293262338147,0.990165640978537,0.944444444444444,1,241.023361006416,0.00149591493318977,0.6845699223935,0.458204334365325,0.85,191,0.00771223101363192,0.875426381781268,0.812940254895165,0.917275701250669,118.941692650214,0.00258178230500025,0.957329842931937,0.8,1,191,0.00624373639269844,0.360994764397906,0.1,0.6,113.828428837963,0.0120145659992087,0.947905759162304,0.65,1,142.396632099463,0.00818863305098392,0.35261780104712,0.15,0.55,116.011511073639,0.00942661201703356,0.94869109947644,0.85,1,191,0.00351029966976295,0.656020942408377,0.4,0.85,191,0.00773381903777662,19.1465968586387,19.0575916230367,19.1623036649215,0.957329842931937,0.952879581151832,0.958115183246073,1,1,1,0,0,0,0.784657902822668,0.674630755408236,0.902527414496311,9.83868142941058,NA,NA,NA,NA,NA,NA,NA,NA,NA,NA,NA,0.0763820252642664,0.0497848312443855,0.105797101449275,39.5283333333333,514.408333333333,191,0.492957746478873,210,1,"WST",0,0,NA,6.68880036335759,5.05526676403082,1.32313499476421,38.1979944704335,4.67406203274261,8.1723336581436,31.5091941070759,7.09565765428334,4.44063054367557,"output/simulation/raw/DemoOCRPvar_runs/DemoOCRPvar_run_20260605_172715/loo_pointwise/loo_pointwise_rep006_WST_heteroSparse_WST_K10_kappa_0.3_app_sparse_hetero_seed1006.csv",6,"kappa_0.3"
"WST","SST",10,5,6.625,"app_sparse_hetero",0.3,0.0324,3.5,4,2.96291897812002,NA,"7;7;7;7;7;7;7;7;7;7",0.3,0.442773600668337,2.49894133793782,-1784.50917074634,53.4157143737897,197.618305253318,10.3782323299671,3569.01834149268,106.831428747579,0.0182194616977226,44,2.25743932017877,0.206673753257647,2415,276.171,1008,2,0.5,0.75,13,1,1,1,0,NA,1,1,1,0,NA,1,1,1,0,NA,0.392927864214993,0.2,0.6,101,0.0105680711866849,0.986578657865787,0.888888888888889,1,101,0.00349731184135919,0.659339148200534,0.354166666666667,0.9,101,0.0145430707526253,0.943976114095031,0.917134691694568,0.968333989226448,42.6576181384068,0.00203534392382163,1,1,1,0,NA,1,1,1,0,NA,0.997029702970297,1,1,101,0.00297029702970297,0.392079207920792,0.2,0.6,101,0.0106875673413969,0.96039603960396,0.8,1,101,0.00690518644521294,0.641584158415842,0.3,0.9,101,0.0146420881709302,10,9.97029702970297,9.73267326732673,1,0.997029702970297,0.973267326732673,1,1,1,0,0,0,0.889386511971663,0.833333201857052,0.947110953250053,5.16344824430279,NA,NA,NA,NA,NA,NA,NA,NA,NA,NA,NA,0.0642957710751934,0.0501017745302714,0.080936352612825,33.11,513.118333333333,101,0.420523138832998,209,2,"WST",-6.68880036335759,5.05526676403082,1.32313499476421,6.68880036335759,5.05526676403082,1.32313499476421,38.1979944704335,4.67406203274261,8.1723336581436,31.5091941070759,7.09565765428334,4.44063054367557,"output/simulation/raw/DemoOCRPvar_runs/DemoOCRPvar_run_20260605_172715/loo_pointwise/loo_pointwise_rep006_WST_heteroSparse_WST_K10_kappa_0.3_app_sparse_hetero_seed1006.csv",6,"kappa_0.3"
"WST","DC-SBM",10,4,4.815,"app_sparse_hetero",0.3,0.0324,3.5,4,2.96291897812002,NA,"7;7;7;7;7;7;7;7;7;7",0.3,0.626817835823885,2.40880763581235,-1816.01836485342,52.5495962809291,189.967186795371,9.69580754186031,3632.03672970683,105.099192561858,0.211594202898551,511,1.98468047067617,0.403336874302789,2415,100.571,1009,2,0.5,0.75,13,0.996168582375479,1,1,261,0.00220354561067124,0.284163473818646,0,0.75,191.738451777274,0.0157693174073954,1,1,1,0,NA,0.227011494252874,0,0.5,33.1744755541847,0.0320537507664715,0.975095785440613,0.75,1,261,0.00464337151093519,0.645274584929757,0.25,1,261,0.0155201772280442,0.918415528986994,0.869418442639779,0.95382054624942,261,0.00130668078819139,0.994252873563218,1,1,261,0.00330531841600685,0.28352490421456,0,0.75,191.362662716676,0.0157831331912534,1,1,1,0,NA,0.227011494252874,0,0.5,33.1744755541847,0.0320537507664715,0.959770114942529,0.75,1,261,0.00585660534902376,0.633141762452107,0.25,1,261,0.0151429108047,3.98850574712644,4,3.93869731800766,0.997126436781609,1,0.984674329501916,0.997126436781609,1,1,0.0189551347648973,0.0015772008948983,9.81148207406114e-05,0.808560627967376,0.674985175877331,0.915806123919956,13.3167962087531,NA,NA,NA,NA,NA,NA,NA,NA,NA,NA,NA,0.0898154060313807,0.0430596316132053,0.159109316709209,41.35,457.343333333333,261,0.492990654205608,211,3,"WST",-38.1979944704335,4.67406203274261,8.1723336581436,6.68880036335759,5.05526676403082,1.32313499476421,38.1979944704335,4.67406203274261,8.1723336581436,31.5091941070759,7.09565765428334,4.44063054367557,"output/simulation/raw/DemoOCRPvar_runs/DemoOCRPvar_run_20260605_172715/loo_pointwise/loo_pointwise_rep006_WST_heteroSparse_WST_K10_kappa_0.3_app_sparse_hetero_seed1006.csv",6,"kappa_0.3"
"WST","WST",10,6,7.93166666666667,"app_sparse_hetero",0.3,0.0324,3.5,4,2.96291897812002,NA,"7;7;7;7;7;7;7;7;7;7",0.3,0.564205283672585,1.67919027913452,-1940.59346893272,52.770514487704,205.510373765157,9.86864653479864,3881.18693786543,105.541028975408,0.0144927536231884,35,1.06251878768995,0.224696343856162,2415,238.828,1008,2,0.5,0.75,13,1,1,1,0,NA,0.383163265306122,0.1575,0.59,14.3213699466767,0.0309161483082971,0.998430141287284,1,1,49,0.00156985871271586,0.335282574568289,0.163076923076923,0.49,27.5201317151203,0.0165881918188142,0.988614393125671,0.947368421052632,1,49,0.00305548736582984,0.691942039973884,0.5,0.874303405572755,49,0.0141622521456431,0.905439242740522,0.842602756316933,0.934832468674144,29.0587422507259,0.00455134149718354,0.975510204081633,0.8,1,19.9810366169528,0.0148187708405941,0.375510204081633,0.15,0.59,11.4494175246249,0.0353205101366583,0.987755102040816,0.84,1,49,0.00905043176574835,0.333673469387755,0.12,0.49,28.9395537950263,0.0169042236040116,0.963265306122449,0.9,1,49,0.00521141273674985,0.673469387755102,0.5,0.8,49,0.0132914446820272,19.5102040816327,19.7755102040816,19.4897959183673,0.975510204081633,0.988775510204082,0.974489795918367,1,1,1,0,0,0,0.804694672201269,0.692049641984709,0.914145807181286,10.2116988899363,NA,NA,NA,NA,NA,NA,NA,NA,NA,NA,NA,0.0594321083727945,0.0480129139072848,0.075040261990524,37.6883333333333,633.381666666667,49,0.51869918699187,319,2,"SST",-13.8480474238834,6.75625840836929,2.04966219272033,-13.8480474238834,6.75625840836929,2.04966219272033,2.48279857117427,8.53214486077449,0.290993485423418,16.3308459950576,7.96361560380026,2.05068235428949,"output/simulation/raw/DemoOCRPvar_runs/DemoOCRPvar_run_20260605_172715/loo_pointwise/loo_pointwise_rep007_WST_heteroSparse_WST_K10_kappa_0.3_app_sparse_hetero_seed1007.csv",7,"kappa_0.3"
"WST","SST",10,7,7.71333333333333,"app_sparse_hetero",0.3,0.0324,3.5,4,2.96291897812002,NA,"7;7;7;7;7;7;7;7;7;7",0.3,0.475510608764624,1.72661127363271,-1926.74542150883,52.9254520100708,179.735328030748,9.15224015424433,3853.49084301767,105.850904020142,0.0149068322981366,36,2.09146194249099,0.212311597710711,2415,334.834,1009,2,0.5,0.75,13,1,1,1,0,NA,1,1,1,0,NA,0.998531794667377,0.967741935483871,1,197,0.000610995540895374,0.433171274382999,0.285714285714286,0.574285714285714,41.9945430478097,0.0129716020072755,0.984706299641788,0.933364055299539,1,197,0.00160529771497108,0.697898276716942,0.544242424242424,0.848484848484849,197,0.0055263729978682,0.950222154264472,0.932010683075376,0.964778247408568,49.7436790773187,0.0012390517381886,1,1,1,0,NA,1,1,1,0,NA,0.985931834662799,0.857142857142857,1,110.477611092151,0.00473709744048356,0.428281363306744,0.257142857142857,0.574285714285714,46.2383819765601,0.012985335433834,0.954604786076867,0.854285714285714,1,197,0.00289965352551995,0.676577229876722,0.511428571428571,0.828571428571429,197,0.00561796849281307,35,34.5532994923858,33.9238578680203,1,0.98723712835388,0.969253081943437,1,1,1,0,0,0,0.893689478940566,0.825336331870637,0.953872499732357,4.93237778201141,NA,NA,NA,NA,NA,NA,NA,NA,NA,NA,NA,0.055004653118256,0.0489703135372123,0.0626980661045624,34.89,633.97,197,0.618506493506494,381,1,"SST",0,0,NA,-13.8480474238834,6.75625840836929,2.04966219272033,2.48279857117427,8.53214486077449,0.290993485423418,16.3308459950576,7.96361560380026,2.05068235428949,"output/simulation/raw/DemoOCRPvar_runs/DemoOCRPvar_run_20260605_172715/loo_pointwise/loo_pointwise_rep007_WST_heteroSparse_WST_K10_kappa_0.3_app_sparse_hetero_seed1007.csv",7,"kappa_0.3"
"WST","DC-SBM",10,5,5.06166666666667,"app_sparse_hetero",0.3,0.0324,3.5,4,2.96291897812002,NA,"7;7;7;7;7;7;7;7;7;7",0.3,0.54249547920434,1.8687805886097,-1943.07626750389,52.6505179020111,139.347393913002,7.73060032451439,3886.15253500778,105.301035804022,0.0322981366459627,78,2.43699387446428,0.212942924882953,2415,82,1010,2,0.5,0.75,13,0.983377659574468,0.875,1,453.44099749583,0.00199499096362174,0.249740374873354,0,0.6,325.661632292083,0.00862824247405238,0.993572695035461,0.875,1,231.843582859682,0.00181465727319194,0.160239361702128,0,0.492499999999995,230.483108226969,0.00909826474744494,0.99275512214342,0.9,1,568.521059860954,0.0011189162804688,0.686214539007092,0.4,0.9,564,0.00622662914836748,0.907927475290613,0.867964162358069,0.939708118510485,451.907210452473,0.00102965140771587,0.953723404255319,0.7,1,435.764988645321,0.00542567549263883,0.240780141843972,0,0.5,297.49031093429,0.00867421345506102,0.984574468085106,0.7,1,231.843582859683,0.00435517745566065,0.157801418439716,0,0.4,230.810666469013,0.00890113220170974,0.96613475177305,0.8,1,484.345563451314,0.00257150236962294,0.666312056737589,0.4,0.9,564,0.00590710568330015,9.67021276595745,9.89716312056738,9.73049645390071,0.967021276595745,0.989716312056738,0.973049645390071,0.98563829787234,0.9,1,0.0832230499284029,0.056159778683161,0.00205981697338537,0.797188645808953,0.669711297818613,0.911431785587268,11.4198605083226,NA,NA,NA,NA,NA,NA,NA,NA,NA,NA,NA,0.0879538607308751,0.0509847490493475,0.103963012154874,53.115,604.031666666667,564,0.41,246,3,"SST",-16.3308459950576,7.96361560380026,2.05068235428949,-13.8480474238834,6.75625840836929,2.04966219272033,2.48279857117427,8.53214486077449,0.290993485423418,16.3308459950576,7.96361560380026,2.05068235428949,"output/simulation/raw/DemoOCRPvar_runs/DemoOCRPvar_run_20260605_172715/loo_pointwise/loo_pointwise_rep007_WST_heteroSparse_WST_K10_kappa_0.3_app_sparse_hetero_seed1007.csv",7,"kappa_0.3"
"WST","WST",10,12,10.2983333333333,"app_sparse_hetero",0.3,0.0324,3.5,4,2.96291897812002,NA,"7;7;7;7;7;7;7;7;7;7",0.3,0.705409124589817,0.89773077636545,-1842.55111987859,49.5823805199642,199.676833000413,8.66559157589737,3685.10223975717,99.1647610399283,0.0115942028985507,28,1.36006419903001,0.237897744590496,2415,218.369,1009,2,0.5,0.75,13,1,1,1,0,NA,0.388750514044894,0.298398520084567,0.478831168831169,47,0.00717815244580612,0.969351709515635,0.933041237113402,1,15.6607381298912,0.005154564199177,0.410053974825525,0.352645502645503,0.48497191011236,47,0.00552436014894474,0.973781901809924,0.950570014250356,0.999271844660194,47,0.0017785482234492,0.69096433204193,0.624761558063342,0.757510822510822,58.6918326814495,0.00534877085855541,0.814198532927747,0.778892067909375,0.851640207605677,47,0.0028137916497415,0.915764023210832,0.7825,1,47,0.00902957514314219,0.35705996131528,0.237954545454545,0.475681818181818,47,0.00843981664134548,0.805222437137331,0.687727272727273,0.948409090909091,47,0.0104823781531243,0.34100580270793,0.259772727272727,0.426590909090909,37.5426118833537,0.00755826094915113,0.893326885880077,0.833181818181818,0.931818181818182,53.8904370904009,0.0039115028944418,0.633655705996132,0.565,0.694772727272727,50.7442323329527,0.00539910743714093,201.468085106383,182.659574468085,201.808510638298,0.915764023210832,0.83027079303675,0.917311411992263,1,1,1,0,0,0,0.714344216132545,0.63650906015097,0.806161652837591,8.42280709442285,NA,NA,NA,NA,NA,NA,NA,NA,NA,NA,NA,0.104359785687027,0.0944272445820433,0.118098159509202,67.87,650.206666666667,47,0.481707317073171,316,1,"WST",0,0,NA,31.5561626387382,7.82583026731646,4.03230859357228,128.030769244343,11.9947343350504,10.6739145418351,96.474606605605,11.8631335334365,8.13230385830935,"output/simulation/raw/DemoOCRPvar_runs/DemoOCRPvar_run_20260605_172715/loo_pointwise/loo_pointwise_rep008_WST_heteroSparse_WST_K10_kappa_0.3_app_sparse_hetero_seed1008.csv",8,"kappa_0.3"
"WST","SST",10,10,9.715,"app_sparse_hetero",0.3,0.0324,3.5,4,2.96291897812002,NA,"7;7;7;7;7;7;7;7;7;7",0.3,0.651909811592711,1.13944055548751,-1874.10728251732,51.8398224758529,194.390862202214,8.88564460304725,3748.21456503465,103.679644951706,0.020703933747412,50,1.78802059248406,0.231235558686764,2415,176.863,1010,2,0.5,0.75,13,1,1,1,0,NA,1,1,1,0,NA,0.983086556353915,0.951456310679612,1,235,0.00111568611517822,0.397668202399953,0.327047284167669,0.470100281491907,235,0.00262263199653648,0.979881361327566,0.954482902418682,1,129.419620207898,0.00112631476080438,0.677515171617892,0.589439946018893,0.756882763975155,235,0.00283924493394205,0.898872616622683,0.872772650308298,0.924965118059018,146.543940225564,0.00105869698735366,1,1,1,0,NA,1,1,1,0,NA,0.884822695035461,0.7,1,235,0.00498128653619051,0.358262411347518,0.27375,0.458333333333333,235,0.00325427224641017,0.925851063829787,0.858333333333333,0.975,125.693892740637,0.00238617217210504,0.64,0.566666666666667,0.725,235,0.00274153479140187,120,107.940425531915,113.382978723404,1,0.899503546099291,0.944858156028369,1,1,1,0,0,0,0.900420751202869,0.836790104587848,0.957022341624736,2.43337480224285,NA,NA,NA,NA,NA,NA,NA,NA,NA,NA,NA,0.100271518828906,0.0918804584177823,0.109907534327512,64.945,647.653333333333,235,0.512307692307692,333,2,"WST",-31.5561626387382,7.82583026731646,4.03230859357228,31.5561626387382,7.82583026731646,4.03230859357228,128.030769244343,11.9947343350504,10.6739145418351,96.474606605605,11.8631335334365,8.13230385830935,"output/simulation/raw/DemoOCRPvar_runs/DemoOCRPvar_run_20260605_172715/loo_pointwise/loo_pointwise_rep008_WST_heteroSparse_WST_K10_kappa_0.3_app_sparse_hetero_seed1008.csv",8,"kappa_0.3"
"WST","DC-SBM",10,6,5.47333333333333,"app_sparse_hetero",0.3,0.0324,3.5,4,2.96291897812002,NA,"7;7;7;7;7;7;7;7;7;7",0.3,0.382341382472381,1.93050837180691,-1970.58188912293,52.4216888160044,208.261716983104,8.71140848533621,3941.16377824586,104.843377632009,0.116770186335404,282,1.77592119208817,0.316526859683975,2415,35.9650000000001,1011,2,0.5,0.75,13,0.954760467992198,0.8,1,28.3777232534432,0.0133625056671175,0.321621732218319,0.072235576923077,0.546931818181818,16.8670070274373,0.0301684296762468,0.988283637436318,0.888888888888889,1,34.0187051789595,0.00567837764268707,0.34970008941972,0.0878125,0.5540625,4.59559247057101,0.0595180603357309,0.979103358025266,0.892836257309942,1,174.433446823962,0.00261108506295539,0.68783836095226,0.473684210526316,0.894736842105263,170.553818349983,0.00871542732781454,0.807061386418274,0.691650051586007,0.882101680394548,49.9854989550942,0.006934765146703,0.78640350877193,0.45,1,125.141806980932,0.0157902828546007,0.26469298245614,0.05,0.5,64.3369321371952,0.0144708957163248,0.901973684210526,0.65,1,31.8618354335526,0.02009846706056,0.324122807017544,0.08375,0.5,6.82503926501601,0.0498326412927404,0.894517543859649,0.75,1,130.291031590866,0.00645054703594221,0.627631578947368,0.45,0.85,159.671169030124,0.0088454694568572,16.4122807017544,18.2412280701754,18.2719298245614,0.820614035087719,0.912061403508772,0.91359649122807,0.943640350877193,0.8,1,0.261074818870024,0.584895522627148,0.0203950216299474,0.758915571660596,0.56836971369303,0.869395631702803,10.475244169748,NA,NA,NA,NA,NA,NA,NA,NA,NA,NA,NA,0.109592416556976,0.0902399796352865,0.173296947645037,64.69,589.355,228,0.33889816360601,203,3,"WST",-128.030769244343,11.9947343350504,10.6739145418351,31.5561626387382,7.82583026731646,4.03230859357228,128.030769244343,11.9947343350504,10.6739145418351,96.474606605605,11.8631335334365,8.13230385830935,"output/simulation/raw/DemoOCRPvar_runs/DemoOCRPvar_run_20260605_172715/loo_pointwise/loo_pointwise_rep008_WST_heteroSparse_WST_K10_kappa_0.3_app_sparse_hetero_seed1008.csv",8,"kappa_0.3"
"WST","WST",10,4,6.795,"app_sparse_hetero",0.3,0.0324,3.5,4,2.96291897812002,NA,"7;7;7;7;7;7;7;7;7;7",0.3,0.323559786269139,1.78069019046067,-1914.63431016203,54.9388299396664,180.025782404737,10.9403441860354,3829.26862032406,109.877659879333,0.0194616977225673,47,1.29026097912168,0.234765730208849,2415,123.124,1010,2,0.5,0.75,13,1,1,1,0,NA,0.291666666666667,0,0.75,5.60632260117753,0.115945376796117,1,1,1,0,NA,0.152777777777778,0,0.89375,18,0.0674551681453203,1,1,1,0,NA,0.763888888888889,0.5,1,18,0.0376615378157389,0.943036999934012,0.887712639175127,0.962541047134323,18,0.00565117412674577,1,1,1,0,NA,0.291666666666667,0,0.75,5.60632260117753,0.115945376796117,1,1,1,0,NA,0.152777777777778,0,0.89375,18,0.0674551681453203,1,1,1,0,NA,0.763888888888889,0.5,1,18,0.0376615378157389,4,4,4,1,1,1,1,1,1,0,0,0,0.82009967215225,0.717780854707807,0.933547144614417,11.8603509915929,NA,NA,NA,NA,NA,NA,NA,NA,NA,NA,NA,0.0498906616958063,0.0367831864798498,0.0706635875298429,31.1,620.873333333333,18,0.579661016949153,342,2,"SST",-8.10821500887027,5.75259881792871,1.40948730573736,-8.10821500887027,5.75259881792871,1.40948730573736,2.06996842563376,4.40345351074414,0.470078410180366,10.178183434504,7.89655792307862,1.2889392484233,"output/simulation/raw/DemoOCRPvar_runs/DemoOCRPvar_run_20260605_172715/loo_pointwise/loo_pointwise_rep009_WST_heteroSparse_WST_K10_kappa_0.3_app_sparse_hetero_seed1009.csv",9,"kappa_0.3"
"WST","SST",10,6,7.145,"app_sparse_hetero",0.3,0.0324,3.5,4,2.96291897812002,NA,"7;7;7;7;7;7;7;7;7;7",0.3,0.472730448452033,1.52709050734664,-1906.52609515316,55.4167268423316,179.365230395548,9.5790520002748,3813.05219030632,110.833453684663,0.0211180124223602,51,1.70326929136614,0.210703803505787,2415,140.226,1011,2,0.5,0.75,13,1,1,1,0,NA,1,1,1,0,NA,1,1,1,0,NA,0.354615384615385,0.2,0.5,33.671542181678,0.0135024886832804,0.993863353708555,0.944444444444444,1,130,0.00159532613300762,0.58737017411553,0.368421052631579,0.8,130,0.00994024138106655,0.958999783437256,0.935963946830134,0.97301141367579,59.0758339180845,0.00125536723299622,1,1,1,0,NA,1,1,1,0,NA,0.989230769230769,0.8,1,57.8515993701222,0.00595809405974639,0.351153846153846,0.2,0.5,39.5377079320252,0.0128510833828027,0.965769230769231,0.85,1,130,0.00419538518173022,0.570769230769231,0.35,0.8,61.619374488557,0.0144246125138321,20,19.7846153846154,19.4307692307692,1,0.989230769230769,0.971538461538462,1,1,1,0,0,0,0.870826525614195,0.819433388707155,0.931143853424855,6.72235946550283,NA,NA,NA,NA,NA,NA,NA,NA,NA,NA,NA,0.0434967937406992,0.0366212971388131,0.0527131782945736,27.35,628.023333333333,130,0.353503184713376,222,1,"SST",0,0,NA,-8.10821500887027,5.75259881792871,1.40948730573736,2.06996842563376,4.40345351074414,0.470078410180366,10.178183434504,7.89655792307862,1.2889392484233,"output/simulation/raw/DemoOCRPvar_runs/DemoOCRPvar_run_20260605_172715/loo_pointwise/loo_pointwise_rep009_WST_heteroSparse_WST_K10_kappa_0.3_app_sparse_hetero_seed1009.csv",9,"kappa_0.3"
"WST","DC-SBM",10,4,4.23166666666667,"app_sparse_hetero",0.3,0.0324,3.5,4,2.96291897812002,NA,"7;7;7;7;7;7;7;7;7;7",0.3,0.335923575960647,1.78475353264837,-1916.70427858766,54.977107906118,127.22101540289,7.85010028807419,3833.40855717533,109.954215812236,0.086128364389234,208,1.85556459320244,0.260507537748426,2415,34.4450000000002,1012,2,0.5,0.75,13,1,1,1,0,NA,0.230042016806723,0,0.75,476,0.0105016582502339,1,1,1,0,NA,0.0372899159663866,0,0.5,476,0.00510855358519871,1,1,1,0,NA,0.748249299719888,0.5,1,385.924171570023,0.0067865683489171,0.945156666057016,0.921428749425317,0.96600658402489,476,0.000523236604922426,1,1,1,0,NA,0.230042016806723,0,0.75,476,0.0105016582502339,1,1,1,0,NA,0.0372899159663866,0,0.5,476,0.00510855358519871,0.999474789915966,1,1,476,0.000525210084033614,0.747899159663866,0.5,1,386.505250269684,0.00680348267089234,4,4,3.99789915966387,1,1,0.999474789915966,1,1,1,0,0,0,0.800959952940274,0.698545214130897,0.898902431409974,11.9105520278774,NA,NA,NA,NA,NA,NA,NA,NA,NA,NA,NA,0.0413437289173948,0.0360824742268041,0.0553761303575269,24.4433333333333,591.088333333333,476,0.589225589225589,350,3,"SST",-10.178183434504,7.89655792307862,1.2889392484233,-8.10821500887027,5.75259881792871,1.40948730573736,2.06996842563376,4.40345351074414,0.470078410180366,10.178183434504,7.89655792307862,1.2889392484233,"output/simulation/raw/DemoOCRPvar_runs/DemoOCRPvar_run_20260605_172715/loo_pointwise/loo_pointwise_rep009_WST_heteroSparse_WST_K10_kappa_0.3_app_sparse_hetero_seed1009.csv",9,"kappa_0.3"
"WST","WST",10,10,10.485,"app_sparse_hetero",0.3,0.0324,3.5,4,2.96291897812002,NA,"7;7;7;7;7;7;7;7;7;7",0.3,0.914130557755402,0.293913042222942,-1908.96209332251,49.8807385981787,183.036754796776,8.56910931423521,3817.92418664502,99.7614771963574,0.0132505175983437,32,1.35044176038891,0.224322495977746,2415,181.857,1011,2,0.5,0.75,13,1,1,1,0,NA,0.316091497277064,0.223854166666667,0.414508928571429,180.49575279568,0.00383651825067924,0.96786607716177,0.942572263901148,1,116.145462009635,0.00158648735894818,0.320099241164302,0.257947607260726,0.376185393768735,74.7476480972037,0.00349932369103704,0.979794151579418,0.95558430783818,1,176.529389258998,0.000954968286894256,0.649257422127503,0.566700442151805,0.73333269671505,139.114527761409,0.00352055439107854,0.857014652640094,0.824167356006207,0.889836972701769,264,0.00114261727322941,0.938699494949495,0.8,1,264,0.00339979434737423,0.297348484848485,0.191666666666667,0.4,190.633273471296,0.00398713442302756,0.894444444444444,0.808333333333333,1,105.200631530041,0.00577874732449362,0.29542297979798,0.233333333333333,0.35,171.786249910378,0.00226964122501544,0.936647727272727,0.875,0.975,98.735212984943,0.00281886068768843,0.620675505050505,0.533333333333333,0.708333333333333,163.520447235467,0.00337592476983257,112.643939393939,110.852272727273,114.704545454545,0.938699494949495,0.923768939393939,0.955871212121212,1,1,1,0,0,0,0.669049533236414,0.56609722416889,0.771939453803406,11.9463456422907,NA,NA,NA,NA,NA,NA,NA,NA,NA,NA,NA,0.076797188409705,0.0708215297450425,0.0869565217391304,54.3566666666667,707.588333333333,264,0.590327169274538,415,1,"WST",0,0,NA,36.1218011373837,9.76762922962343,3.69811346112862,112.289884573657,14.3133606032164,7.84510973254067,76.1680834362737,12.1446444373513,6.27174256349703,"output/simulation/raw/DemoOCRPvar_runs/DemoOCRPvar_run_20260605_172715/loo_pointwise/loo_pointwise_rep010_WST_heteroSparse_WST_K10_kappa_0.3_app_sparse_hetero_seed1010.csv",10,"kappa_0.3"
"WST","SST",10,9,9.34166666666667,"app_sparse_hetero",0.3,0.0324,3.5,4,2.96291897812002,NA,"7;7;7;7;7;7;7;7;7;7",0.3,0.808397200933022,0.563866785528846,-1945.08389445989,52.3931980789238,171.941413464875,8.11777988472688,3890.16778891979,104.786396157848,0.0115942028985507,28,1.08187263585335,0.211303792140667,2415,169.044,1012,2,0.5,0.75,13,1,1,1,0,NA,1,1,1,0,NA,0.977423985371259,0.950617283950617,1,146.814550540826,0.00194171100129929,0.27777407917651,0.202557915057915,0.373246460746461,100.784845050336,0.00412262144936654,0.979315123686831,0.939024390243902,1,263,0.00101836962290408,0.65065420842525,0.552506775067751,0.742163504968383,263,0.00305294712592969,0.927286811880531,0.906154629556518,0.947299598870726,143.910478125454,0.000830194688101111,1,1,1,0,NA,1,1,1,0,NA,0.93857504979178,0.833333333333333,1,163.823518606835,0.00506557300719532,0.266386022089444,0.19702380952381,0.350595238095238,106.481514769622,0.00396693430206069,0.942694187941336,0.8875,0.988095238095238,151.9599557534,0.00216756029338251,0.626244794495745,0.535714285714286,0.714285714285714,186.765197726452,0.00356613356964308,84,80.6045627376426,80.8555133079848,1,0.959578127829078,0.962565634618867,1,1,1,0,0,0,0.845715120159573,0.795039216279615,0.901705541179162,4.46604240476912,NA,NA,NA,NA,NA,NA,NA,NA,NA,NA,NA,0.073676457192651,0.0706051873198847,0.0813174462765814,51.6716666666667,701.255,263,0.634943181818182,447,2,"WST",-36.1218011373837,9.76762922962343,3.69811346112862,36.1218011373837,9.76762922962343,3.69811346112862,112.289884573657,14.3133606032164,7.84510973254067,76.1680834362737,12.1446444373513,6.27174256349703,"output/simulation/raw/DemoOCRPvar_runs/DemoOCRPvar_run_20260605_172715/loo_pointwise/loo_pointwise_rep010_WST_heteroSparse_WST_K10_kappa_0.3_app_sparse_hetero_seed1010.csv",10,"kappa_0.3"
"WST","DC-SBM",10,5,5.33833333333333,"app_sparse_hetero",0.3,0.0324,3.5,4,2.96291897812002,NA,"7;7;7;7;7;7;7;7;7;7",0.3,0.603564125036518,1.37112839883918,-2021.25197789617,53.2225107616372,173.307429498202,8.8357264281721,4042.50395579233,106.445021523274,0.0732919254658385,177,1.71668147192426,0.2584204322399,2415,30.6959999999999,1013,2,0.5,0.75,13,1,1,1,0,NA,0.253411764705882,0,0.5,326.688016917207,0.00659113837398055,1,1,1,0,NA,0.286823529411765,0.1,0.4,202.689162609114,0.00535694256496824,0.957856209150327,0.875,1,332.518286582434,0.00304321924077196,0.699954248366013,0.46,1,425,0.00662114267730171,0.909972172445439,0.884075066323621,0.93375741337483,363.861997547174,0.000672501529039875,1,1,1,0,NA,0.253411764705882,0,0.5,326.688016917207,0.00659113837398055,1,1,1,0,NA,0.286823529411765,0.1,0.4,202.689162609114,0.00535694256496824,0.939764705882353,0.7,1,111.484374112913,0.00715214164533726,0.685882352941176,0.4,1,425,0.00661921919912254,10,10,9.80470588235294,1,1,0.980470588235294,1,1,1,0,0,0,0.713943457032943,0.615869367960903,0.808809693713988,13.623966229866,NA,NA,NA,NA,NA,NA,NA,NA,NA,NA,NA,0.0738811383114094,0.0661290322580645,0.0935960591133005,47.82,645.056666666667,425,0.741590214067278,485,3,"WST",-112.289884573657,14.3133606032164,7.84510973254067,36.1218011373837,9.76762922962343,3.69811346112862,112.289884573657,14.3133606032164,7.84510973254067,76.1680834362737,12.1446444373513,6.27174256349703,"output/simulation/raw/DemoOCRPvar_runs/DemoOCRPvar_run_20260605_172715/loo_pointwise/loo_pointwise_rep010_WST_heteroSparse_WST_K10_kappa_0.3_app_sparse_hetero_seed1010.csv",10,"kappa_0.3"
